[
    {
        "name": "Catacombs",
        "chest_unopened_img": "images/items/chest_x.png",
        "chest_opened_img": "images/items/chest_o.png",
        "color": "#FFFFFF",
        "children": [
            {
                "name": "Stagnant Blight x10",
                "map_locations": [
                    {
                        "map": "Catacombs",
                        "x": 510,
                        "y": 1520
                    }
                ],
                "sections": [
                    {
                        "name": "E1",
                        "visibility_rules": 
                        [
                            "setting_blight"
                        ],
                        "access_rules": 
                        [
                            "$CatacombsACCESS"
                        ],
                        "item_count": 1
                    }
                ]
            },
            {
                "name": "Stagnant Blight x30",
                "map_locations": [
                    {
                        "map": "Catacombs",
                        "x": 960,
                        "y": 1375
                    }
                ],
                "sections": [
                    {
                        "name": "E1",
                        "visibility_rules": 
                        [
                            "setting_blight"
                        ],
                        "access_rules": 
                        [
                            "$CatacombsACCESS,hook",
                            "$CatacombsACCESS,silva,djump",
                            "$CatacombsACCESS,$HORIZONTAL2,$LEDGE"
                        ],
                        "item_count": 1
                    }
                ]
            },
            {
                "name": "Elder Crypt Keeper Fight",
                "map_locations": [
                    {
                        "map": "Catacombs",
                        "x": 140,
                        "y": 2550
                    }
                ],
                "sections": [
                    {
                        "name": "E2",
                        "visibility_rules": 
                        [
                            "setting_spirits"
                        ],
                        "access_rules": 
                        [
                            "$E2ACCESS"
                        ],
                        "item_count": 1
                    }
                ]
            },
            {
                "name": "Stagnant Blight x10",
                "map_locations": [
                    {
                        "map": "Catacombs",
                        "x": 365,
                        "y": 2580
                    }
                ],
                "sections": [
                    {
                        "name": "E2",
                        "visibility_rules": 
                        [
                            "setting_blight"
                        ],
                        "access_rules": 
                        [
                            "$E2ACCESS,aquatic"
                        ],
                        "item_count": 1
                    }
                ]
            },
            {
                "name": "Finding - Defense of the Twin Spires II",
                "map_locations": [
                    {
                        "map": "Catacombs",
                        "x": 1530,
                        "y": 2550
                    }
                ],
                "sections": [
                    {
                        "name": "E3",
                        "visibility_rules": 
                        [
                            "setting_findings"
                        ],
                        "access_rules": 
                        [
                            "$CatacombsACCESS"
                        ],
                        "item_count": 1
                    }
                ]
            },
            {
                "name": "Finding - Fretia's Memoirs IV",
                "map_locations": [
                    {
                        "map": "Catacombs",
                        "x": 1705,
                        "y": 2550
                    }
                ],
                "sections": [
                    {
                        "name": "E3",
                        "visibility_rules": 
                        [
                            "setting_findings"
                        ],
                        "access_rules": 
                        [
                            "$E10ACCESS",
                            "$E18ACCESSRev"
                        ],
                        "item_count": 1
                    }
                ]
            },
            {
                "name": "Finding - Fretia's Memoirs II",
                "map_locations": [
                    {
                        "map": "Catacombs",
                        "x": 1695,
                        "y": 2250
                    }
                ],
                "sections": [
                    {
                        "name": "E4",
                        "visibility_rules": 
                        [
                            "setting_findings"
                        ],
                        "access_rules": 
                        [
                            "$CatacombsACCESS"
                        ],
                        "item_count": 1
                    }
                ]
            },
            {
                "name": "Kilteus' Ring",
                "map_locations": [
                    {
                        "map": "Catacombs",
                        "x": 1210,
                        "y": 2145
                    }
                ],
                "sections": [
                    {
                        "name": "E4",
                        "visibility_rules": 
                        [
                            "setting_relics"
                        ],
                        "access_rules": 
                        [
                            "$CatacombsACCESS"
                        ],
                        "item_count": 1
                    }
                ]
            },
            {
                "name": "Finding - Fretia's Memoirs I",
                "map_locations": [
                    {
                        "map": "Catacombs",
                        "x": 1745,
                        "y": 1890
                    }
                ],
                "sections": [
                    {
                        "name": "E4",
                        "visibility_rules": 
                        [
                            "setting_findings"
                        ],
                        "access_rules": 
                        [
                            "$CatacombsACCESS"
                        ],
                        "item_count": 1
                    }
                ]
            },
            {
                "name": "Furious Blight x10",
                "map_locations": [
                    {
                        "map": "Catacombs",
                        "x": 1225,
                        "y": 1430
                    }
                ],
                "sections": [
                    {
                        "name": "E5",
                        "visibility_rules": 
                        [
                            "setting_blight"
                        ],
                        "access_rules": 
                        [
                            "$CatacombsACCESS,hook",
                            "$CatacombsACCESS,$HORIZONTAL",
                            "$CatacombsACCESS,verboten",
                            "$CatacombsACCESS,djump",
                            "$CatacombsACCESS,silva,ulv",
                            "$CatacombsACCESS,ulv,fretia",
                            "$CatacombsACCESS,plume,silva,$AIRSTALL"
                        ],
                        "item_count": 1
                    }
                ]
            },
            {
                "name": "Amulet Fragment (+5 HP)",
                "map_locations": [
                    {
                        "map": "Catacombs",
                        "x": 1800,
                        "y": 900
                    }
                ],
                "sections": [
                    {
                        "name": "E6",
                        "visibility_rules": 
                        [
                            "setting_amulets"
                        ],
                        "access_rules": 
                        [
                            "$CatacombsACCESS"
                        ],
                        "item_count": 1
                    }
                ]
            },
            {
                "name": "Finding - The Next White Priestess",
                "map_locations": [
                    {
                        "map": "Catacombs",
                        "x": 2665,
                        "y": 980
                    }
                ],
                "sections": [
                    {
                        "name": "E7",
                        "visibility_rules": 
                        [
                            "setting_findings"
                        ],
                        "access_rules": 
                        [
                            "$CatacombsACCESS"
                        ],
                        "item_count": 1
                    }
                ]
            },
            {
                "name": "Stagnant Blight x30",
                "map_locations": [
                    {
                        "map": "Catacombs",
                        "x": 2635,
                        "y": 865
                    }
                ],
                "sections": [
                    {
                        "name": "E7",
                        "visibility_rules": 
                        [
                            "setting_blight"
                        ],
                        "access_rules": 
                        [
                            "$CatacombsACCESS,hook",
                            "$CatacombsACCESS,claws,silva,$HORIZONTAL",
                            "$CatacombsACCESS,claws,verboten,$HORIZONTAL",
                            "$CatacombsACCESS,claws,silva,djump",
                            "$CatacombsACCESS,silva,djump,dodge2,verboten,plume"
                        ],
                        "item_count": 1
                    }
                ]
            },
            {
                "name": "Stagnant Blight x10",
                "map_locations": [
                    {
                        "map": "Catacombs",
                        "x": 3075,
                        "y": 950
                    }
                ],
                "sections": [
                    {
                        "name": "E8",
                        "visibility_rules": 
                        [
                            "setting_blight"
                        ],
                        "access_rules": 
                        [
                            "$CatacombsACCESS,$LEDGE",
                            "$CatacombsACCESS,$HORIZONTAL",
                            "$CatacombsACCESS,ulv",
                            "$CatacombsACCESS,claws"
                        ],
                        "item_count": 1
                    }
                ]
            },
            {
                "name": "Stagnant Blight x10",
                "map_locations": [
                    {
                        "map": "Catacombs",
                        "x": 3500,
                        "y": 1020
                    }
                ],
                "sections": [
                    {
                        "name": "E8",
                        "visibility_rules": 
                        [
                            "setting_blight"
                        ],
                        "access_rules": 
                        [
                            "$CatacombsACCESS,aquatic,hammer,claws",
                            "$CatacombsACCESS,aquatic,hammer,$LEDGE",
                            "$CatacombsACCESS,aquatic,hammer,plume",
                            "$C18ACCESSH18,hammer"
                        ],
                        "item_count": 1
                    }
                ]
            },
            {
                "name": "Finding - Defense of the Twin Spires I",
                "map_locations": [
                    {
                        "map": "Catacombs",
                        "x": 3535,
                        "y": 920
                    }
                ],
                "sections": [
                    {
                        "name": "E8",
                        "visibility_rules": 
                        [
                            "setting_findings"
                        ],
                        "access_rules": 
                        [
                            "$C11ACCESS,swim",
                            "$C18ACCESSC16,silva,verboten,ulv,fretia",
                            "$C18ACCESSC16,djump,dodge2",
                            "$C18ACCESSC16,djump,ulv,verboten",
                            "$C18ACCESSC16,sinner",
                            "$C18ACCESSC16,djump,silva",
                            "$C18ACCESSH18,djump,silva",
                            "$C18ACCESSH18,sinner",
                            "$C18ACCESSH18,djump,ulv,verboten",
                            "$C18ACCESSH18,djump,dodge2",
                            "$C18ACCESSH18,silva,verboten,ulv,fretia",
                            "$E14ACCESS"
                        ],
                        "item_count": 1
                    }
                ]
            },
            {
                "name": "Stagnant Blight x10",
                "map_locations": [
                    {
                        "map": "Catacombs",
                        "x": 4490,
                        "y": 830
                    }
                ],
                "sections": [
                    {
                        "name": "E9",
                        "visibility_rules": 
                        [
                            "setting_blight"
                        ],
                        "access_rules":
                        [
                            "$E9ACCESS8,$LEDGE,hook",
                            "$E9ACCESS8,$LEDGE,HORIZONTAL2",
                            "$E9ACCESS8,silva,djump",
                            "$E9ACCESS8,djump,verboten",
                            "$E9ACCESS8,$LEDGE,claws",
                            "$E10ACCESS,hook",
                            "$E10ACCESS,claws",
                            "$E10ACCESS,silva,djump",
                            "$E10ACCESS,djump,verboten",
                            "$E10ACCESS,$HORIZONTAL2"
                        ],
                        "item_count": 1
                    }
                ]
            },
            {
                "name": "Furious Blight x30",
                "map_locations": [
                    {
                        "map": "Catacombs",
                        "x": 4430,
                        "y": 1550
                    }
                ],
                "sections": [
                    {
                        "name": "E10",
                        "visibility_rules": 
                        [
                            "setting_blight"
                        ],
                        "access_rules": 
                        [
                            "$E10ACCESS,hook",
                            "$E10ACCESS,silva,djump,$HORIZONTAL2",
                            "$E10ACCESS,claws,$LEDGE",
                            "$E10ACCESS,claws,$HORIZONTAL"
                        ],
                        "item_count": 1
                    }
                ]
            },
            {
                "name": "Furious Blight x10",
                "map_locations": [
                    {
                        "map": "Catacombs",
                        "x": 4170,
                        "y": 1460
                    }
                ],
                "sections": [
                    {
                        "name": "E10",
                        "visibility_rules": 
                        [
                            "setting_blight"
                        ],
                        "access_rules": 
                        [
                            "$E10ACCESS,claws,dodge2",
                            "$E10ACCESS,djump,$HORIZONTAL",
                            "$E10ACCESS,silva,djump",
                            "$E10ACCESS,verboten,djump",
                            "$E10ACCESS,sinner",
                            "$E10ACCESS,dodge2,dash",
                            "$E10ACCESS,$LEDGE,claws",
                            "$E10ACCESS,claws,ulv,fretia,plume",
                            "$E10ACCESS,claws,ulv,fretia,spellbound"
                        ],
                        "item_count": 1
                    }
                ]
            },
            {
                "name": "Finding - Silva's Note I",
                "map_locations": [
                    {
                        "map": "Catacombs",
                        "x": 4315,
                        "y": 1475
                    }
                ],
                "sections": [
                    {
                        "name": "E10",
                        "visibility_rules": 
                        [
                            "setting_findings"
                        ],
                        "access_rules": 
                        [
                            "$E10ACCESS",
                            "$E18ACCESSRev",
                            "$E14ACCESS,sinner",
                            "$E14ACCESS,$LEDGE,dodge2",
                            "$E14ACCESS,silva,dash",
                            "$E14ACCESS,silva,djump",
                            "$E14ACCESS,djump,verboten",
                            "$E14ACCESS,verboten,silva,ulv,fretia",
                            "$E14ACCESS,dodge2,ulv",
                            "$E14ACCESS,$LEDGE,claws"
                        ],
                        "item_count": 1
                    }
                ]
            },
            {
                "name": "Furious Blight x10",
                "map_locations": [
                    {
                        "map": "Catacombs",
                        "x": 4620,
                        "y": 2685
                    }
                ],
                "sections": [
                    {
                        "name": "E11",
                        "visibility_rules": 
                        [
                            "setting_blight"
                        ],
                        "access_rules": 
                        [
                            "$E10ACCESS,aquatic"
                        ],
                        "item_count": 1
                    }
                ]
            },
            {
                "name": "Finding - Silva's Note II",
                "map_locations": [
                    {
                        "map": "Catacombs",
                        "x": 4425,
                        "y": 2595
                    }
                ],
                "sections": [
                    {
                        "name": "E11",
                        "visibility_rules": 
                        [
                            "setting_findings"
                        ],
                        "access_rules": 
                        [
                            "$E10ACCESS",
                            "$E18ACCESSRev",
                            "$E14ACCESS"
                        ],
                        "item_count": 1
                    }
                ]
            },
            {
                "name": "Stagnant Blight x10",
                "map_locations": [
                    {
                        "map": "Catacombs",
                        "x": 4100,
                        "y": 2515
                    }
                ],
                "sections": [
                    {
                        "name": "E11",
                        "visibility_rules": 
                        [
                            "setting_blight"
                        ],
                        "access_rules": 
                        [
                            "$E10ACCESS,hook",
                            "$E10ACCESS,$HORIZONTAL",
                            "$E10ACCESS,djump",
                            "$E10ACCESS,verboten,ulv",
                            "$E10ACCESS,silva,verboten",
                            "$E10ACCESS,silva,ulv"
                        ],
                        "item_count": 1
                    }
                ]
            },
            {
                "name": "Amulet Fragment (+5 HP)",
                "map_locations": [
                    {
                        "map": "Catacombs",
                        "x": 2700,
                        "y": 2650
                    }
                ],
                "sections": [
                    {
                        "name": "E12",
                        "visibility_rules": 
                        [
                            "setting_amulets"
                        ],
                        "access_rules": 
                        [
                            "$E10ACCESS,hammer"
                        ],
                        "item_count": 1
                    }
                ]
            },
            {
                "name": "Amulet Fragment (+5 HP)",
                "map_locations": [
                    {
                        "map": "Catacombs",
                        "x": 2400,
                        "y": 1940
                    }
                ],
                "sections": [
                    {
                        "name": "E13 In Pot",
                        "visibility_rules": 
                        [
                            "setting_amulets"
                        ],
                        "access_rules":
                        [
                            "$E10ACCESS,claws",
                            "$E10ACCESS,verboten",
                            "$E10ACCESS,djump",
                            "$E10ACCESS,silva,ulv",
                            "$E10ACCESS,$HORIZONTAL"
                        ],
                        "item_count": 1
                    }
                ]
            },
            {
                "name": "Chain Of Sorcery (+1 Relic Slot)",
                "map_locations": [
                    {
                        "map": "Catacombs",
                        "x": 2685,
                        "y": 1750
                    }
                ],
                "sections": [
                    {
                        "name": "E13",
                        "visibility_rules": 
                        [
                            "setting_chains"
                        ],
                        "access_rules": 
                        [
                            "$E10ACCESS"
                        ],
                        "item_count": 1
                    }
                ]
            },
            {
                "name": "Amulet Fragment (+5 HP)",
                "map_locations": [
                    {
                        "map": "Catacombs",
                        "x": 2410,
                        "y": 1390
                    }
                ],
                "sections": [
                    {
                        "name": "E14 In Pot",
                        "visibility_rules": 
                        [
                            "setting_amulets"
                        ],
                        "access_rules": 
                        [
                            "$E14ACCESS,hook",
                            "$E14ACCESS,dodge2,silva",
                            "$E14ACCESS,dodge2,ulv",
                            "$E14ACCESS,sinner",
                            "$E14ACCESS,djump,dodge2",
                            "$E14ACCESS,djump,ulv,fretia",
                            "$E14ACCESS,ulv,fretia,dash",
                            "$E14ACCESS,$FULLSILVA"
                        ],
                        "item_count": 1
                    }
                ]
            },
            {
                "name": "Stagnant Blight x10",
                "map_locations": [
                    {
                        "map": "Catacombs",
                        "x": 2850,
                        "y": 1390
                    }
                ],
                "sections": [
                    {
                        "name": "E14",
                        "visibility_rules": 
                        [
                            "setting_blight"
                        ],
                        "access_rules": 
                        [
                            "$E14ACCESS"
                        ],
                        "item_count": 1
                    }
                ]
            },
            {
                "name": "Guardian Silva Fight",
                "map_locations": [
                    {
                        "map": "Catacombs",
                        "x": 3300,
                        "y": 1450
                    }
                ],
                "sections": [
                    {
                        "name": "E15",
                        "visibility_rules": 
                        [
                            "setting_spirits"
                        ],
                        "access_rules": 
                        [
                            "$E15ACCESS",
                            "$E10ACCESS,claws",
                            "$E10ACCESS,$LEDGE2"
                        ],
                        "item_count": 3
                    }
                ]
            },
            {
                "name": "Finding - Unfinished Note",
                "map_locations": [
                    {
                        "map": "Catacombs",
                        "x": 3180,
                        "y": 1450
                    }
                ],
                "sections": [
                    {
                        "name": "E15",
                        "visibility_rules": 
                        [
                            "setting_findings"
                        ],
                        "access_rules": 
                        [
                            "$E10ACCESS",
                            "$E18ACCESSRev",
                            "$E14ACCESS"
                        ],
                        "item_count": 1
                    }
                ]
            },
            {
                "name": "Amulet Fragment (+5 HP)",
                "map_locations": [
                    {
                        "map": "Catacombs",
                        "x": 5020,
                        "y": 1350
                    }
                ],
                "sections": [
                    {
                        "name": "E16 In Pot",
                        "visibility_rules": 
                        [
                            "setting_amulets"
                        ],
                        "access_rules": 
                        [
                            "$E16ACCESS,hook",
                            "$E16ACCESS,$LEDGE",
                            "$E18ACCESSRev"
                        ],
                        "item_count": 1
                    }
                ]
            },
            {
                "name": "Stagnant Blight x10",
                "map_locations": [
                    {
                        "map": "Catacombs",
                        "x": 5110,
                        "y": 1190
                    }
                ],
                "sections": [
                    {
                        "name": "E16",
                        "visibility_rules": 
                        [
                            "setting_blight"
                        ],
                        "access_rules": 
                        [
                            "$E16ACCESS,hook",
                            "$E16ACCESS,djump",
                            "$E16ACCESS,silva,claws",
                            "$E16ACCESS,silva,$HORIZONTAL",
                            "$E18ACCESSRev"
                        ],
                        "item_count": 1
                    }
                ]
            },
            {
                "name": "Finding - The Heirloom of Land's End",
                "map_locations": [
                    {
                        "map": "Catacombs",
                        "x": 5050,
                        "y": 1280
                    }
                ],
                "sections": [
                    {
                        "name": "E16",
                        "visibility_rules": 
                        [
                            "setting_findings"
                        ],
                        "access_rules": 
                        [
                            "$E16ACCESS",
                            "$E18ACCESSRev"
                        ],
                        "item_count": 1
                    }
                ]
            },
            {
                "name": "Finding - Fretia's Memoirs III",
                "map_locations": [
                    {
                        "map": "Catacombs",
                        "x": 5045,
                        "y": 860
                    }
                ],
                "sections": [
                    {
                        "name": "E17",
                        "visibility_rules": 
                        [
                            "setting_findings"
                        ],
                        "access_rules": 
                        [
                            "$C11ACCESS,swim",
                            "$C18ACCESSC16,silva,verboten,ulv,fretia",
                            "$C18ACCESSC16,djump,dodge2",
                            "$C18ACCESSC16,djump,ulv,verboten",
                            "$C18ACCESSC16,sinner",
                            "$C18ACCESSC16,djump,silva",
                            "$C18ACCESSH18,djump,silva",
                            "$C18ACCESSH18,sinner",
                            "$C18ACCESSH18,djump,ulv,verboten",
                            "$C18ACCESSH18,djump,dodge2",
                            "$C18ACCESSH18,silva,verboten,ulv,fretia",
                            "$E14ACCESS"
                        ],
                        "item_count": 1
                    }
                ]
            },
            {
                "name": "Stagnant Blight x10",
                "map_locations": [
                    {
                        "map": "Catacombs",
                        "x": 5620,
                        "y": 950
                    }
                ],
                "sections": [
                    {
                        "name": "E18",
                        "visibility_rules": 
                        [
                            "setting_blight"
                        ],
                        "access_rules": 
                        [
                            "$CatacombsACCESS"
                        ],
                        "item_count": 1
                    }
                ]
            },
            {
                "name": "Furious Blight x10",
                "map_locations": [
                    {
                        "map": "Catacombs",
                        "x": 5740,
                        "y": 950
                    }
                ],
                "sections": [
                    {
                        "name": "E18",
                        "visibility_rules": 
                        [
                            "setting_blight"
                        ],
                        "access_rules": 
                        [
                            "$CatacombsACCESS"
                        ],
                        "item_count": 1
                    }
                ]
            },
            {
                "name": "Chain Of Sorcery (+1 Relic Slot)",
                "map_locations": [
                    {
                        "map": "Catacombs",
                        "x": 4900,
                        "y": 2000
                    }
                ],
                "sections": [
                    {
                        "name": "E19 In Pot",
                        "visibility_rules": 
                        [
                            "setting_chains"
                        ],
                        "access_rules": 
                        [
                            "$E10ACCESS,$LEDGE",
                            "$E10ACCESS,hook",
                            "$E20ACCESS,$LEDGE",
                            "$E20ACCESS,hook"
                        ],
                        "item_count": 1
                    }
                ]
            },
            {
                "name": "Fallen Archer Fight",
                "map_locations": [
                    {
                        "map": "Catacombs",
                        "x": 4520,
                        "y": 2060
                    }
                ],
                "sections": [
                    {
                        "name": "E19",
                        "visibility_rules": 
                        [
                            "setting_spirits"
                        ],
                        "access_rules": 
                        [
                            "$E10ACCESS",
                            "$E20ACCESS"
                        ],
                        "item_count": 1
                    }
                ]
            },
            {
                "name": "Priestess' Wish (Prayer Upgrade)",
                "map_locations": [
                    {
                        "map": "Catacombs",
                        "x": 4450,
                        "y": 2060
                    }
                ],
                "sections": [
                    {
                        "name": "E19",
                        "visibility_rules": 
                        [
                            "setting_wishes"
                        ],
                        "access_rules": 
                        [
                            "$E10ACCESS",
                            "$E20ACCESS"
                        ],
                        "item_count": 1
                    }
                ]
            },
            {
                "name": "Priestess Statue",
                "map_locations": [
                    {
                        "map": "Catacombs",
                        "x": 3540,
                        "y": 1910
                    }
                ],
                "sections": [
                    {
                        "name": "E20",
                        "visibility_rules": 
                        [
                            "setting_relics"
                        ],
                        "access_rules": 
                        [
                            "$E20ACCESS"
                        ],
                        "item_count": 1
                    }
                ]
            },
            {
                "name": "Holy Spring Water",
                "map_locations": [
                    {
                        "map": "Catacombs",
                        "x": 5225,
                        "y": 2630
                    }
                ],
                "sections": [
                    {
                        "name": "E21",
                        "visibility_rules": 
                        [
                            "setting_relics"
                        ],
                        "access_rules": 
                        [
                            "$E21ACCESS"
                        ],
                        "item_count": 1
                    }
                ]
            },
            {
                "name": "Ancient Soul x2",
                "map_locations": [
                    {
                        "map": "Catacombs",
                        "x": 2065,
                        "y": 2810
                    }
                ],
                "sections": [
                    {
                        "name": "E22",
                        "visibility_rules": 
                        [
                            "setting_blight"
                        ],
                        "access_rules": 
                        [
                            "$E22ACCESS"
                        ],
                        "item_count": 1
                    }
                ]
            },
            {
                "name": "Stone Tablet Fragment",
                "map_locations": [
                    {
                        "map": "Catacombs",
                        "x": 888,
                        "y": 915
                    }
                ],
                "sections": [
                    {
                        "name": "E23",
                        "visibility_rules": 
                        [
                            "setting_c_end"
                        ],
                        "access_rules": 
                        [
                            "$CatacombsACCESS,unlock"
                        ],
                        "item_count": 1
                    }
                ]
            }

        ]
    }
]