[
    {
        "name": "Stockade",
        "chest_unopened_img": "images/items/chest_x.png",
        "chest_opened_img": "images/items/chest_o.png",
        "color": "#FFFFFF",
        "children": [
            {
                "name": "Finding - Executioner's Vow",
                "map_locations": [
                    {
                        "map": "Stockade",
                        "x": 440,
                        "y": 1258
                    }
                ],
                "sections": [
                    {
                        "name": "F1",
                        "visibility_rules": 
                        [
                            "setting_findings"
                        ],
                        "access_rules": 
                        [
                            "$StockadeACCESS"
                        ],
                        "item_count": 1
                    }
                ]
            },
            {
                "name": "Stagnant Blight x30",
                "map_locations": [
                    {
                        "map": "Stockade",
                        "x": 1008,
                        "y": 1480
                    }
                ],

                "sections":[
                    {
                        "name": "F2",
                        "visibility_rules": 
                        [
                            "setting_blight"
                        ],
                        "access_rules": 
                        [
                            "$StockadeACCESS,hook",
                            "$StockadeACCESS,djump,silva",
                            "$StockadeACCESS,$HORIZONTAL,djump,verboten"
                        ],
                        "item_count": 1
                    }
                ]
            },
            {
                "name": "Furious Blight x10",
                "map_locations": [
                    {
                        "map": "Stockade",
                        "x": 1475,
                        "y": 1575
                    }
                ],

                "sections":[
                    {
                        "name": "F2",
                        "visibility_rules": 
                        [
                            "setting_blight"
                        ],
                        "access_rules": 
                        [
                            "$StockadeACCESS"
                        ],
                        "item_count": 1
                    }
                ]
            },
            {
                "name": "Stagnant Blight x100",
                "map_locations": [
                    {
                        "map": "Stockade",
                        "x": 1530,
                        "y": 800
                    }
                ],

                "sections":[
                    {
                        "name": "F3",
                        "visibility_rules": 
                        [
                            "setting_blight"
                        ],
                        "access_rules": 
                        [
                            "$StockadeACCESS,dash,lance"
                        ],
                        "item_count": 1
                    }
                ]
            },
            {
                "name": "Fall From Above",
                "map_locations": [
                    {
                        "map": "Stockade",
                        "x": 2280,
                        "y": 800
                    }
                ],

                "sections":[
                    {
                        "name": "Amulet Gem (+20HP)",
                        "visibility_rules": 
                        [
                            "setting_amulets"
                        ],
                        "access_rules": 
                        [
                            "$StockadeACCESS,$LEDGE,claws,hook",
                            "$StockadeACCESS,$FULLSILVA,hook",
                            "$StockadeACCESS,silva,djump,dodge2,hook,plume"
                        ],
                        "item_count": 1
                    },
                    {
                        "name": "Stagnant Blight x30",
                        "visibility_rules": 
                        [
                            "setting_blight"
                        ],
                        "access_rules": 
                        [
                            "$StockadeACCESS,$LEDGE,claws,hook",
                            "$StockadeACCESS,$FULLSILVA,hook",
                            "$StockadeACCESS,silva,djump,dodge2,hook,plume"
                        ],
                        "item_count": 1
                    }
                ]
            },
            {
                "name": "Stagnant Blight x10",
                "map_locations": [
                    {
                        "map": "Stockade",
                        "x": 1850,
                        "y": 1800
                    }
                ],

                "sections":[
                    {
                        "name": "F4",
                        "visibility_rules": 
                        [
                            "setting_blight"
                        ],
                        "access_rules": 
                        [
                            "$StockadeACCESS,aquatic"
                        ],
                        "item_count": 1
                    }
                ]
            },
            {
                "name": "Stagnant Blight x10",
                "map_locations": [
                    {
                        "map": "Stockade",
                        "x": 2310,
                        "y": 1870
                    }
                ],

                "sections":[
                    {
                        "name": "F4",
                        "visibility_rules": 
                        [
                            "setting_blight"
                        ],
                        "access_rules": 
                        [
                            "$StockadeACCESS,aquatic"
                        ],
                        "item_count": 1
                    }
                ]
            },
            {
                "name": "Stagnant Blight x800",
                "map_locations": [
                    {
                        "map": "Stockade",
                        "x": 1940,
                        "y": 1550
                    }
                ],

                "sections":[
                    {
                        "name": "F4",
                        "visibility_rules": 
                        [
                            "setting_blight"
                        ],
                        "access_rules": 
                        [
                            "$StockadeACCESS,dash,lance"
                        ],
                        "item_count": 1
                    }
                ]
            },
            {
                "name": "Finding - Executioner's Missive",
                "map_locations": [
                    {
                        "map": "Stockade",
                        "x": 2915,
                        "y": 2130
                    }
                ],
                "sections": [
                    {
                        "name": "F5",
                        "visibility_rules": 
                        [
                            "setting_findings"
                        ],
                        "access_rules": 
                        [
                            "$F5ACCESS"
                        ],
                        "item_count": 1
                    }
                ]
            },
            {
                "name": "2 Amulet Fragments (+5 HP x2)",
                "map_locations": [
                    {
                        "map": "Stockade",
                        "x": 3280,
                        "y": 1575
                    }
                ],

                "sections":[
                    {
                        "name": "F6",
                        "visibility_rules": 
                        [
                            "setting_amulets"
                        ],
                        "access_rules": 
                        [
                            "$F6ACCESS,claws",
                            "$F6ACCESS,silva,ulv,djump,dodge2"
                        ],
                        "item_count": 2
                    }
                ]
            },
            {
                "name": "Stagnant Blight x30",
                "map_locations": [
                    {
                        "map": "Stockade",
                        "x": 3660,
                        "y": 1540
                    }
                ],

                "sections":[
                    {
                        "name": "F6",
                        "visibility_rules": 
                        [
                            "setting_blight"
                        ],
                        "access_rules": 
                        [
                            "$F6ACCESS,$LEDGE",
                            "$F6ACCESS"
                        ],
                        "item_count": 1
                    }
                ]
            },
            {
                "name": "Furious Blight x30",
                "map_locations": [
                    {
                        "map": "Stockade",
                        "x": 4200,
                        "y": 1740
                    }
                ],
                "sections":[
                    {
                        "name": "F8",
                        "visibility_rules": 
                        [
                            "setting_blight"
                        ],
                        "access_rules": 
                        [
                            "$F7ACCESS,hammer",
                            "$F6ACCESS,hook,hammer",
                            "$F6ACCESS,$LEDGE2,hammer",
                            "$F6ACCESS,$LEDGE,ulv,hammer",
                            "$F6ACCESS,$HORIZONTAL,$LEDGE,hammer",
                            "$F6ACCESS,plume,$LEDGE,hammer"
                        ],
                        "item_count": 1
                    }
                ]
            },
            {
                "name": "Furious Blight x30",
                "map_locations": [
                    {
                        "map": "Stockade",
                        "x": 4465,
                        "y": 1595
                    }
                ],
                "sections":[
                    {
                        "name": "F8",
                        "visibility_rules": 
                        [
                            "setting_blight"
                        ],
                        "access_rules": 
                        [
                            "$F7ACCESS,hook",
                            "$F8ACCESS,silva,djump,$HORIZONTAL",
                            "$F8ACCESS,silva,ulv,djump",
                            "$F8ACCESS,silva,ulv,$HORIZONTAL"
                        ],
                        "item_count": 1
                    }
                ]
            },
            {
                "name": "Chain Of Sorcery (+1 Relic Slot)",
                "map_locations": [
                    {
                        "map": "Stockade",
                        "x": 4200,
                        "y": 1220
                    }
                ],
                "sections":[
                    {
                        "name": "F9",
                        "visibility_rules": 
                        [
                            "setting_chains"
                        ],
                        "access_rules": 
                        [
                            "$F7ACCESS,hook",
                            "$F7ACCESS,$LEDGE2",
                            "$F7ACCESS,verboten,claws",
                            "$F7ACCESS,djump,claws",
                            "$F7ACCESS,silva,plume",
                            "$F9ACCESS8,hook",
                            "$F9ACCESS8,$LEDGE2",
                            "$F9ACCESS8,verboten,claws",
                            "F9ACCESS8,djump,claws",
                            "F9ACCESS8,silva,plume",
                            "$F10ACCESS8,$FULLSILVA,$HORIZONTAL"
                        ],
                        "item_count": 1
                    }
                ]
            },
            {
                "name": "Stagnant Blight x30",
                "map_locations": [
                    {
                        "map": "Stockade",
                        "x": 4050,
                        "y": 1120
                    }
                ],
                "sections":[
                    {
                        "name": "F9",
                        "visibility_rules": 
                        [
                            "setting_blight"
                        ],
                        "access_rules": 
                        [
                            "$F7ACCESS",
                            "F9ACCESS8,djump,claws",
                            "$F9ACCESS8,hook"
                        ],
                        "item_count": 1
                    }
                ]
            },
            {
                "name": "Stagnant Blight x100",
                "map_locations": [
                    {
                        "map": "Stockade",
                        "x": 4400,
                        "y": 930
                    }
                ],
                "sections":[
                    {
                        "name": "F9",
                        "visibility_rules": 
                        [
                            "setting_blight"
                        ],
                        "access_rules": 
                        [
                            "$F7ACCESS,$LEDGE,dash,lance",
                            "$F7ACCESS,$HORIZONTAL,dash,lance",
                            "$F7ACCESS,claws,dash,lance",
                            "$F7ACCESS,hook,dash,lance",
                            "$F9ACCESS8,hook,dash,lance"
                        ],
                        "item_count": 1
                    }
                ]
            },
            {
                "name": "Finding - Slip of Paper",
                "map_locations": [
                    {
                        "map": "Stockade",
                        "x": 4405,
                        "y": 1090
                    }
                ],
                "sections": [
                    {
                        "name": "F9",
                        "visibility_rules": 
                        [
                            "setting_findings"
                        ],
                        "access_rules": 
                        [
                            "$F7ACCESS,$LEDGE",
                            "$F7ACCESS,$HORIZONTAL",
                            "$F7ACCESS,claws",
                            "$F7ACCESS,hook",
                            "$F9ACCESS8,hook"
                        ],
                        "item_count": 1
                    }
                ]
            },
            {
                "name": "Furious Blight x10",
                "map_locations": [
                    {
                        "map": "Stockade",
                        "x": 4820,
                        "y": 1380
                    }
                ],
                "sections":[
                    {
                        "name": "F10",
                        "visibility_rules": 
                        [
                            "setting_blight"
                        ],
                        "access_rules": 
                        [
                            "$F7ACCESS,$LEDGE",
                            "$F7ACCESS,$HORIZONTAL",
                            "$F10ACCESS8,hook",
                            "$F10ACCESS8,$FULLSILVA,$HORIZONTAL"
                        ],
                        "item_count": 1
                    }
                ]
            },
            {
                "name": "Finding - Hoenir's Diary II",
                "map_locations": [
                    {
                        "map": "Stockade",
                        "x": 5310,
                        "y": 1535
                    }
                ],
                "sections":[
                    {
                        "name": "F11",
                        "visibility_rules": 
                        [
                            "setting_findings"
                        ],
                        "access_rules": 
                        [
                            "$F7ACCESS",
                            "$F10ACCESS8"
                        ],
                        "item_count": 1
                    }
                ]
            },
            {
                "name": "Hoenir, Keeper Of The Abyss Fight",
                "map_locations": [
                    {
                        "map": "Stockade",
                        "x": 5670,
                        "y": 1540
                    }
                ],
                "sections":[
                    {
                        "name": "F12",
                        "visibility_rules": 
                        [
                            "setting_spirits",
                            "setting_wishes",
                            "setting_blight" 
                        ],
                        "access_rules": 
                        [
                            "$F7ACCESS",
                            "$F10ACCESS8"
                        ],
                        "hosted_item": "defeatHoenir",
                        "item_count": 1
                    }
                ]
            },
            {
                "name": "Stagnant Blight x10",
                "map_locations": [
                    {
                        "map": "Stockade",
                        "x": 6020,
                        "y": 1510
                    }
                ],
                "sections":[
                    {
                        "name": "F13",
                        "visibility_rules": 
                        [
                            "setting_blight"
                        ],
                        "access_rules": 
                        [
                            "$F13ACCESS,defeatHoenir"
                        ],
                        "item_count": 1
                    }
                ]
            },
            {
                "name": "Priestess' Wish (Prayer Upgrade)",
                "map_locations": [
                    {
                        "map": "Stockade",
                        "x": 6160,
                        "y": 1280
                    }
                ],
                "sections":[
                    {
                        "name": "F13",
                        "visibility_rules": 
                        [
                            "setting_wishes"
                        ],
                        "access_rules": 
                        [
                            "$F13ACCESS,hook,defeatHoenir",
                            "$F13ACCESS,silva,djump,$HORIZONTAL,claws,defeatHoenir",
                            "$F13ACCESS,silva,djump,ulv,claws,defeatHoenir",
                            "$F13ACCESS,$FULLSILVA,defeatHoenir"
                        ],
                        "item_count": 1
                    }
                ]
            },
            {
                "name": "Stagnant Blight x10",
                "map_locations": [
                    {
                        "map": "Stockade",
                        "x": 3080,
                        "y": 1160
                    }
                ],
                "sections":[
                    {
                        "name": "F14",
                        "visibility_rules": 
                        [
                            "setting_blight"
                        ],
                        "access_rules": 
                        [
                            "$F14ACCESS"
                        ],
                        "item_count": 1
                    }
                ]
            },
            {
                "name": "Amulet Fragment (+5HP)",
                "map_locations": [
                    {
                        "map": "Stockade",
                        "x": 2590,
                        "y": 1280
                    }
                ],
                "sections":[
                    {
                        "name": "F14",
                        "visibility_rules": 
                        [
                            "setting_amulets"
                        ],
                        "access_rules": 
                        [
                            "$F14ACCESS"
                        ],
                        "item_count": 1
                    }
                ]
            },
            {
                "name": "Chain Of Sorcery (+1 Relic Slot)",
                "map_locations": [
                    {
                        "map": "Stockade",
                        "x": 2867,
                        "y": 980
                    }
                ],
                "sections":[
                    {
                        "name": "F14",
                        "visibility_rules": 
                        [
                            "setting_chains"
                        ],
                        "access_rules": 
                        [
                            "$F14ACCESS,hook,$LEDGE"

                        ],
                        "item_count": 1
                    }
                ]
            },
            {
                "name": "Dark Executioner Fight",
                "map_locations": [
                    {
                        "map": "Stockade",
                        "x": 5670,
                        "y": 1250
                    }
                ],
                "sections":[
                    {
                        "name": "F15",
                        "visibility_rules": 
                        [
                            "setting_spirits"
                        ],
                        "access_rules": 
                        [
                            "$F7ACCESS,hook",
                            "$F7ACCESS,$LEDGE",
                            "$F10ACCESS8,hook",
                            "$F10ACCESS8,$FULLSILVA,$HORIZONTAL"
                        ],
                        "item_count": 1
                    }
                ]
            },
            {
                "name": "Ancient Soul",
                "map_locations": [
                    {
                        "map": "Stockade",
                        "x": 5080,
                        "y": 1765
                    }
                ],
                "sections":[
                    {
                        "name": "F16",
                        "visibility_rules": 
                        [
                            "setting_blight"
                        ],
                        "access_rules": 
                        [
                            "$F7ACCESS,hammer",
                            "$F10ACCESS8,hook,hammer",
                            "$F10ACCESS8,$FULLSILVA,$HORIZONTAL,hammer"
                        ],
                        "item_count": 1
                    }
                ]
            },
            {
                "name": "Finding - Hoenir's Diary I",
                "map_locations": [
                    {
                        "map": "Stockade",
                        "x": 3960,
                        "y": 710
                    }
                ],
                "sections": [
                    {
                        "name": "F17",
                        "visibility_rules": 
                        [
                            "setting_findings"
                        ],
                        "access_rules": 
                        [
                            "$F7ACCESS,hook",
                            "$F7ACCESS,silva,djump"
                        ],
                        "item_count": 1
                    }
                ]
            },
            {
                "name": "Chain Of Sorcery (+1 Relic Slot)",
                "map_locations": [
                    {
                        "map": "Stockade",
                        "x": 3100,
                        "y": 350
                    }
                ],
                "sections":[
                    {
                        "name": "F18",
                        "visibility_rules": 
                        [
                            "setting_chains"
                        ],
                        "access_rules": 
                        [
                            "$F7ACCESS,hook",
                            "$F7ACCESS,silva,djump"
                        ],
                        "item_count": 1
                    }
                ]
            },
            {
                "name": "Executioner's Gloves",
                "map_locations": [
                    {
                        "map": "Stockade",
                        "x": 3800,
                        "y": 1345
                    }
                ],
                "sections":[
                    {
                        "name": "F19",
                        "visibility_rules": 
                        [
                            "setting_relics"
                        ],
                        "access_rules": 
                        [
                            "$F7ACCESS,aquatic"
                        ],
                        "item_count": 1
                    }
                ]
            },
            {
                "name": "Hidden Test Subject Fight",
                "map_locations": [
                    {
                        "map": "Stockade",
                        "x": 2280,
                        "y": 630
                    }
                ],
                "sections":[
                    {
                        "name": "F20",
                        "visibility_rules": 
                        [
                            "setting_spirits"
                        ],
                        "access_rules": 
                        [
                            "$StockadeACCESS,$LEDGE"
                        ],
                        "item_count": 1
                    }
                ]
            },
            {
                "name": "Stagnant Blight x10",
                "map_locations": [
                    {
                        "map": "Stockade",
                        "x": 2020,
                        "y": 350
                    }
                ],
                "sections":[
                    {
                        "name": "F21",
                        "visibility_rules": 
                        [
                            "setting_blight"
                        ],
                        "access_rules": 
                        [
                            "$StockadeACCESS,$LEDGE,claws,hook",
                            "$StockadeACCESS,$FULLSILVA,hook",
                            "$StockadeACCESS,silva,djump,dodge2,hook,plume"
                        ],
                        "item_count": 1
                    }
                ]
            },
            {
                "name": "Furious Blight x10",
                "map_locations": [
                    {
                        "map": "Stockade",
                        "x": 1620,
                        "y": 630
                    }
                ],
                "sections":[
                    {
                        "name": "F22",
                        "visibility_rules": 
                        [
                            "setting_blight"
                        ],
                        "access_rules": 
                        [
                            "$StockadeACCESS,$LEDGE"
                        ],
                        "item_count": 1
                    }
                ]
            },
            {
                "name": "Finding - Forbidden Text Scrap",
                "map_locations": [
                    {
                        "map": "Stockade",
                        "x": 1625,
                        "y": 1200
                    }
                ],
                "sections": [
                    {
                        "name": "F23",
                        "visibility_rules": 
                        [
                            "setting_findings"
                        ],
                        "access_rules": 
                        [
                            "$StockadeACCESS"
                        ],
                        "item_count": 1
                    }
                ]
            },
            {
                "name": "Chain Of Sorcery (+1 Relic Slot)",
                "map_locations": [
                    {
                        "map": "Stockade",
                        "x": 1830,
                        "y": 1215
                    }
                ],
                "sections":[
                    {
                        "name": "F24",
                        "visibility_rules": 
                        [
                            "setting_chains"
                        ],
                        "access_rules": 
                        [
                            "$StockadeACCESS"
                        ],
                        "item_count": 1
                    }
                ]
            },
            {
                "name": "Aura's Ring",
                "map_locations": [
                    {
                        "map": "Stockade",
                        "x": 4820,
                        "y": 1020
                    }
                ],
                "sections":[
                    {
                        "name": "F25",
                        "visibility_rules": 
                        [
                            "setting_relics"
                        ],
                        "access_rules": 
                        [
                            "$F25ACCESS"
                        ],
                        "item_count": 1
                    }
                ]
            },
            {
                "name": "Stone Tablet Fragment",
                "map_locations": [
                    {
                        "map": "Stockade",
                        "x": 3600,
                        "y": 220
                    }
                ],
                "sections":[
                    {
                        "name": "F27",
                        "visibility_rules": 
                        [
                            "setting_c_end"
                        ],
                        "access_rules": 
                        [
                            "$F7ACCESS,hook,unlock"
                        ],
                        "item_count": 1
                    }
                ]
            }

        ]
    }
]