[
    {
        "name": "Twin Spires",
        "chest_unopened_img": "images/items/chest_x.png",
        "chest_opened_img": "images/items/chest_o.png",
        "color": "#FFFFFF",
        "children": [

            {
                "name": "Stagnant Blight x100",
                "map_locations": [
                    {
                        "map": "TwinSpires",
                        "x": 940,
                        "y": 2210
                    }
                ],
                "sections": [
                    {
                        "name": "G1",
                        "visibility_rules": 
                        [
                            "setting_blight"
                        ],
                        "access_rules": 
                        [
                            "$TwinSpiresACCESS,dash,lance,$LEDGE"
                        ],
                        "item_count": 1
                    }
                ]
            },
            {
                "name": "Stagnant Blight x10",
                "map_locations": [
                    {
                        "map": "TwinSpires",
                        "x": 775,
                        "y": 2000
                    }
                ],
                "sections": [
                    {
                        "name": "G2",
                        "visibility_rules": 
                        [
                            "setting_blight"
                        ],
                        "access_rules": 
                        [
                            "$TwinSpiresACCESS,$LEDGE2,claws",
                            "$G2ACCESS,hammer"
                        ],
                        "item_count": 1
                    }
                ]
            },
            {
                "name": "Chain Of Sorcery (+1 Relic Slot)",
                "map_locations": [
                    {
                        "map": "TwinSpires",
                        "x": 850,
                        "y": 1800
                    }                    
                ],
                "sections": [
                    {
                        "name": "G2 In Pot",
                        "visibility_rules": 
                        [
                            "setting_chains"
                        ],
                        "access_rules": 
                        [
                            "$G2ACCESS,hook",
                            "$G2ACCESS,claws",
                            "$G2ACCESS,silva,ulv,djump,dodge2",
                            "$G2ACCESS,$FULLSILVA"
                        ],
                        "item_count": 1
                    }
                ]
            },
            {
                "name": "Amulet Fragment (+5 HP)",
                "map_locations": [
                    {
                        "map": "TwinSpires",
                        "x": 1200,
                        "y": 1910
                    }
                ],
                "sections": [
                    {
                        "name": "G2 In Pot",
                        "visibility_rules": 
                        [
                            "setting_amulets"
                        ],
                        "access_rules": 
                        [
                            "$G2ACCESS"
                        ],
                        "item_count": 1
                    }
                ]
            },
            {
                "name": "Stagnant Blight x30",
                "map_locations": [
                    {
                        "map": "TwinSpires",
                        "x": 2100,
                        "y": 1890
                    }
                ],
                "sections": [
                    {
                        "name": "G3",
                        "visibility_rules": 
                        [
                            "setting_blight"
                        ],
                        "access_rules": 
                        [
                            "$G3ACCESS,$LEDGE2,claws",
                            "$G3ACCESS,$LEDGE,$HORIZONTAL"
                        ],
                        "item_count": 1
                    }
                ]
            },
            {
                "name": "Amulet Fragment (+5 HP)",
                "map_locations": [
                    {
                        "map": "TwinSpires",
                        "x": 1800,
                        "y": 2450
                    }
                ],
                "sections": [
                    {
                        "name": "G4",
                        "visibility_rules": 
                        [
                            "setting_amulets"
                        ],
                        "access_rules": 
                        [
                            "$G3ACCESS,claws",
                            "$G3ACCESS,$FULLSILVA,dodge2",
                            "$G3ACCESS,silva,dodge2,djump,plume",
                            "$G3ACCESS,silva,dodge2,djump,dash"
                        ],
                        "item_count": 1
                    }
                ]
            },
            {
                "name": "Finding - Bloodied Note II",
                "map_locations": [
                    {
                        "map": "TwinSpires",
                        "x": 1820,
                        "y": 2510
                    }
                ],
                "sections": [
                    {
                        "name": "G4",
                        "visibility_rules": 
                        [
                            "setting_findings"
                        ],
                        "access_rules": 
                        [
                            "$G3ACCESS"
                        ],
                        "item_count": 1
                    }
                ]
            },
            {
                "name": "Finding - Note on the Castle Wall",
                "map_locations": [
                    {
                        "map": "TwinSpires",
                        "x": 2915,
                        "y": 2525
                    }
                ],
                "sections": [
                    {
                        "name": "G5",
                        "visibility_rules": 
                        [
                            "setting_findings"
                        ],
                        "access_rules": 
                        [
                            "$G5ACCESS"
                        ],
                        "item_count": 1
                    }
                ]
            },
            {
                "name": "Snowdrop Bracelet",
                "map_locations": [
                    {
                        "map": "TwinSpires",
                        "x": 3090,
                        "y": 2580
                    }
                ],
                "sections": [
                    {
                        "name": "G5",
                        "visibility_rules": 
                        [
                            "setting_relics"
                        ],
                        "access_rules": 
                        [
                            "$G5ACCESS,lance,dash"
                        ],
                        "item_count": 1
                    }
                ]
            },
            {
                "name": "Stagnant Blight x10",
                "map_locations": [
                    {
                        "map": "TwinSpires",
                        "x": 3200,
                        "y": 2450
                    }
                ],
                "sections": [
                    {
                        "name": "G5",
                        "visibility_rules": 
                        [
                            "setting_blight"
                        ],
                        "access_rules": 
                        [
                            "$G5ACCESS"
                        ],
                        "item_count": 1
                    }
                ]
            },
            {
                "name": "Furious Blight x30",
                "map_locations": [
                    {
                        "map": "TwinSpires",
                        "x": 2960,
                        "y": 2300
                    }
                ],
                "sections": [
                    {
                        "name": "G5",
                        "visibility_rules": 
                        [
                            "setting_blight"
                        ],
                        "access_rules": 
                        [
                            "$G6ACCESS,claws",
                            "$G6ACCESS,$FULLSILVA,dodge2"
                        ],
                        "item_count": 1
                    }
                ]
            },
            {
                "name": "Stagnant Blight x10",
                "map_locations": [
                    {
                        "map": "TwinSpires",
                        "x": 3070,
                        "y": 2030
                    }
                ],
                "sections": [
                    {
                        "name": "G6",
                        "visibility_rules": 
                        [
                            "setting_blight"
                        ],
                        "access_rules": 
                        [
                            "$G6ACCESS"
                        ],
                        "item_count": 1
                    }
                ]
            },
            {
                "name": "Finding - Hoenir's Diary III",
                "map_locations": [
                    {
                        "map": "TwinSpires",
                        "x": 3455,
                        "y": 1920
                    }
                ],
                "sections": [
                    {
                        "name": "G7",
                        "visibility_rules": 
                        [
                            "setting_findings"
                        ],
                        "access_rules": 
                        [
                            "$G6ACCESS"
                        ],
                        "item_count": 1
                    }
                ]
            },
            {
                "name": "Ricorus' Ring",
                "map_locations": [
                    {
                        "map": "TwinSpires",
                        "x": 3240,
                        "y": 1720
                    }
                ],
                "sections": [
                    {
                        "name": "G8",
                        "visibility_rules": 
                        [
                            "setting_relics"
                        ],
                        "access_rules": 
                        [
                            "$G8ACCESS,aquatic,hammer",
                            "$G8ACCESS,silva",
                            "$G8ACCESS,julius",
                            "$G8ACCESS,gerrod",
                            "$G8ACCESS,ulv",
							"$G11ACCESS"
                        ],
                        "item_count": 1
                    }
                ]
            },
            {
                "name": "Stagnant Blight x30",
                "map_locations": [
                    {
                        "map": "TwinSpires",
                        "x": 2975,
                        "y": 1550
                    }
                ],
                "sections": [
                    {
                        "name": "G8",
                        "visibility_rules": 
                        [
                            "setting_blight"
                        ],
                        "access_rules": 
                        [
                            "$G8ACCESS,silva,aquatic,hook",
                            "$G8ACCESS,julius,aquatic,hook",
                            "$G8ACCESS,gerrod,aquatic,hook",
                            "$G8ACCESS,ulv,aquatic,hook",
                            "$G8ACCESS,silva,djump",
                            "$G8ACCESS,verboten,$HORIZONTAL2,claws",
                            "$G8ACCESS,verboten,djump,sinner",
                            "$G8ACCESS,silva,dodge2,ulv,verboten"
                        ],
                        "item_count": 1
                    }
                ]
            },
            {
                "name": "Amulet Fragment (+5 HP)",
                "map_locations": [
                    {
                        "map": "TwinSpires",
                        "x": 2150,
                        "y": 1540
                    }
                ],
                "sections": [
                    {
                        "name": "G9",
                        "visibility_rules": 
                        [
                            "setting_amulets"
                        ],
                        "access_rules": 
                        [
                            "$G9ACCESS,claws,$HORIZONTAL",
                            "$G9ACCESS,claws,silva,djump",
                            "$G12ACCESS"
                        ],
                        "item_count": 1
                    }
                ]
            },
            {
                "name": "Forsaken Fellwyrm Fight",
                "map_locations": [
                    {
                        "map": "TwinSpires",
                        "x": 1850,
                        "y": 1565
                    }
                ],
                "sections": [
                    {
                        "name": "G9",
                        "visibility_rules": 
                        [
                            "setting_spirits"
                        ],
                        "access_rules": 
                        [
                            "$G9ACCESS,dash,lance,claws,$HORIZONTAL",
                            "$G9ACCESS,dash,lance,claws,silva,djump",
                            "$G12ACCESS,dash,lance,silva,djump",
                            "$G12ACCESS,dash,lance,$HORIZONTAL"
                        ],
                        "item_count": 1
                    }
                ]
            },
            {
                "name": "Finding - Monument Engraving",
                "map_locations": [
                    {
                        "map": "TwinSpires",
                        "x": 1540,
                        "y": 1565
                    }
                ],
                "sections": [
                    {
                        "name": "G10",
                        "visibility_rules": 
                        [
                            "setting_findings"
                        ],
                        "access_rules": 
                        [
                            "$G13ACCESS"
                        ],
                        "item_count": 1
                    }
                ]
            },
            {
                "name": "Chain Of Sorcery (+1 Relic Slot)",
                "map_locations": [
                    {
                        "map": "TwinSpires",
                        "x": 2995,
                        "y": 1130
                    }
                ],
                "sections": [
                    {
                        "name": "G11 In Barrel",
                        "visibility_rules": 
                        [
                            "setting_chains"
                        ],
                        "access_rules": 
                        [
                            "$G11ACCESS,claws"
                        ],
                        "item_count": 1
                    }
                ]
            },
			{
                "name": "Amulet Fragment (+5 HP)",
                "map_locations": [
                    {
                        "map": "TwinSpires",
                        "x": 2610,
                        "y": 1370
                    }
                ],
                "sections": [
                    {
                        "name": "G11",
                        "visibility_rules": 
                        [
                            "setting_amulets"
                        ],
                        "access_rules": 
                        [
                            "$G11ACCESS"
                        ],
                        "item_count": 1
                    }
                ]
            },
            {
                "name": "Stagnant Blight x100",
                "map_locations": [
                    {
                        "map": "TwinSpires",
                        "x": 2165,
                        "y": 1345
                    }
                ],
                "sections": [
                    {
                        "name": "G12",
                        "visibility_rules": 
                        [
                            "setting_blight"
                        ],
                        "access_rules": 
                        [
                            "$G12ACCESS,dash,lance"
                        ],
                        "item_count": 1
                    }
                ]
            },
            {
                "name": "Furious Blight x10",
                "map_locations": [
                    {
                        "map": "TwinSpires",
                        "x": 1920,
                        "y": 1345
                    }
                ],
                "sections": [
                    {
                        "name": "G12",
                        "visibility_rules": 
                        [
                            "setting_blight"
                        ],
                        "access_rules": 
                        [
                            "$G12ACCESS"
                        ],
                        "item_count": 1
                    }
                ]
            },
            {
                "name": "Hanging Nest",
                "map_locations": [
                    {
                        "map": "TwinSpires",
                        "x": 2040,
                        "y": 1035
                    }
                ],
                "sections": [
                    {
                        "name": "Stone Tablet Fragment",
                        "visibility_rules": 
                        [
                            "setting_c_end"
                        ],
                        "access_rules": 
                        [
                            "$G12ACCESS,hammer,hook,unlock"
                        ],
                        "item_count": 1
                    },
                    {
                        "name": "Stagnant Blight x800",
                        "visibility_rules": 
                        [
                            "setting_blight"
                        ],
                        "access_rules": 
                        [
                            "$G12ACCESS,hammer,hook,unlock"
                        ],
                        "item_count": 1
                    },
                    {
                        "name": "Finding - Writing on the Wall",
                        "visibility_rules": 
                        [
                            "setting_findings"
                        ],
                        "access_rules": 
                        [
                            "$G12ACCESS,hammer,hook,unlock"
                        ],
                        "item_count": 1
                    }
                ]
            },
            {
                "name": "Stagnant Blight x30",
                "map_locations": [
                    {
                        "map": "TwinSpires",
                        "x": 690,
                        "y": 1660
                    }
                ],
                "sections": [
                    {
                        "name": "G13",
                        "visibility_rules": 
                        [
                            "setting_blight"
                        ],
                        "access_rules": 
                        [
                            "$G13ACCESS"
                        ],
                        "item_count": 1
                    }
                ]
            },
            {
                "name": "Stagnant Blight x10",
                "map_locations": [
                    {
                        "map": "TwinSpires",
                        "x": 1090,
                        "y": 1310
                    }
                ],
                "sections": [
                    {
                        "name": "G13",
                        "visibility_rules": 
                        [
                            "setting_blight"
                        ],
                        "access_rules": 
                        [
                            "$G13ACCESS,claws"
                        ],
                        "item_count": 1
                    }
                ]
            },
            {
                "name": "Immortal Crest",
                "map_locations": [
                    {
                        "map": "TwinSpires",
                        "x": 810,
                        "y": 1220
                    }
                ],
                "sections": [
                    {
                        "name": "G13",
                        "visibility_rules": 
                        [
                            "setting_relics"
                        ],
                        "access_rules": 
                        [
                            "$G13ACCESS,djump,hook",
                            "$G13ACCESS,$HORIZONTAL,hook",
                            "$G13ACCESS,claws,hook",
                            "G13ACCESS,$LEDGE2"
                        ],
                        "item_count": 1
                    }
                ]
            },
            {
                "name": "Finding - Bloodied Note III",
                "map_locations": [
                    {
                        "map": "TwinSpires",
                        "x": 1190,
                        "y": 1555
                    }
                ],
                "sections": [
                    {
                        "name": "G13",
                        "visibility_rules": 
                        [
                            "setting_findings"
                        ],
                        "access_rules": 
                        [
                            "$G3ACCESS"
                        ],
                        "item_count": 1
                    }
                ]
            },
            {
                "name": "Amulet Fragment (+5 HP)",
                "map_locations": [
                    {
                        "map": "TwinSpires",
                        "x": 1110,
                        "y": 580
                    }
                ],
                "sections": [
                    {
                        "name": "G14",
                        "visibility_rules": 
                        [
                            "setting_amulets"
                        ],
                        "access_rules": 
                        [
                            "$G14ACCESS"
                        ],
                        "item_count": 1
                    }
                ]
            },
            {
                "name": "Chain Of Sorcery (+1 Relic Slot) (In Crate)",
                "map_locations": [
                    {
                        "map": "TwinSpires",
                        "x": 1650,
                        "y": 550
                    }
                ],
                "sections": [
                    {
                        "name": "G15",
                        "visibility_rules": 
                        [
                            "setting_chains"
                        ],
                        "access_rules": 
                        [
                            "$G15ACCESS"
                        ],
                        "item_count": 1
                    }
                ]
            },
            {
                "name": "Amulet Gem (+20 HP)",
                "map_locations": [
                    {
                        "map": "TwinSpires",
                        "x": 1820,
                        "y": 575
                    }
                ],
                "sections": [
                    {
                        "name": "G15",
                        "visibility_rules": 
                        [
                            "setting_amulets"
                        ],
                        "access_rules": 
                        [
                            "$G15ACCESS,claws,$LEDGE,$HORIZONTAL",
                            "$G15ACCESS,claws,silva,djump",
                            "$G15ACCESS,claws,silva,dodge2"
                        ],
                        "item_count": 1
                    }
                ]
            },
            {
                "name": "Ancient Dragon Claw",
                "map_locations": [
                    {
                        "map": "TwinSpires",
                        "x": 2785,
                        "y": 880
                    }
                ],
                "sections": [
                    {
                        "name": "G16",
                        "visibility_rules": 
                        [
                            "setting_relics"
                        ],
                        "access_rules": 
                        [
                            "$G14ACCESS,$LEDGE2",
                            "$G14ACCESS,$HORIZONTAL",
                            "$G14ACCESS,claws",
                            "$G11ACCESS,claws,djump",
                            "G11ACCESS,claws,verboten"
                        ],
                        "item_count": 1
                    }
                ]
            },
            {
                "name": "Furious Blight x10",
                "map_locations": [
                    {
                        "map": "TwinSpires",
                        "x": 2680,
                        "y": 730
                    }
                ],
                "sections": [
                    {
                        "name": "G16",
                        "visibility_rules": 
                        [
                            "setting_blight"
                        ],
                        "access_rules": 
                        [
                            "$G16ACCESS,hammer"
                        ],
                        "item_count": 1
                    }
                ]
            },
            {
                "name": "Furious Blight x30",
                "map_locations": [
                    {
                        "map": "TwinSpires",
                        "x": 2970,
                        "y": 480
                    }
                ],
                "sections": [
                    {
                        "name": "G16",
                        "visibility_rules": 
                        [
                            "setting_blight"
                        ],
                        "access_rules": 
                        [
                            "$G14ACCESS,claws",
                            "$G14ACCESS,$FULLSILVA",
                            "$G14ACCESS,silva,djump,dodge2",
                            "$G11ACCESS,claws,djump",
                            "$G11ACCESS,claws,verboten"
                        ],
                        "item_count": 1
                    }
                ]
            },
            {
                "name": "Ulv, The Mad Knight Fight",
                "map_locations": [
                    {
                        "map": "TwinSpires",
                        "x": 2910,
                        "y": 180
                    }
                ],
                "sections": [
                    {
                        "name": "G18",
                        "visibility_rules": 
                        [
                            "setting_spirits",
                            "setting_wishes",
                            "setting_findings"
                        ],
                        "access_rules": 
                        [
                            "$G18ACCESS"
                        ],
                        "item_count": 1,
                        "hosted_item": "defeatUlv"
                    }
                ]
            },
            {
                "name": "Priestess' Wish (Prayer Upgrade)",
                "map_locations": [
                    {
                        "map": "TwinSpires",
                        "x": 3100,
                        "y": 180
                    }
                ],
                "sections": [
                    {
                        "name": "G18",
                        "visibility_rules": 
                        [
                            "setting_wishes"
                        ],
                        "access_rules": 
                        [
                            "$G18ACCESS,claws,defeatUlv",
                            "$G18ACCESS,$FULLSILVA,defeatUlv",
                            "$G18ACCESS,silva,djump,dodge2,defeatUlv"
                        ],
                        "item_count": 1
                    }
                ]
            },
            {
                "name": "Finding - White Priestess' Bastion Letter",
                "map_locations": [
                    {
                        "map": "TwinSpires",
                        "x": 3162,
                        "y": 180
                    }
                ],
                "sections": [
                    {
                        "name": "G18",
                        "visibility_rules": 
                        [
                            "setting_findings"
                        ],
                        "access_rules": 
                        [
                            "$G18ACCESS,claws,defeatUlv",
                            "$G18ACCESS,$FULLSILVA,defeatUlv",
                            "$G18ACCESS,silva,djump,dodge2,defeatUlv"
                        ],
                        "item_count": 1
                    }
                ]
            },
            {
                "name": "Stagnant Blight x100",
                "map_locations": [
                    {
                        "map": "TwinSpires",
                        "x": 3600,
                        "y": 2450
                    }
                ],
                "sections": [
                    {
                        "name": "G19",
                        "visibility_rules": 
                        [
                            "setting_blight"
                        ],
                        "access_rules": 
                        [
                            "$G19ACCESS,claws,$LEDGE"
                        ],
                        "item_count": 1
                    }
                ]
            },
            {
                "name": "Nymphilia's Ring",
                "map_locations": [
                    {
                        "map": "TwinSpires",
                        "x": 4000,
                        "y": 2800
                    }
                ],
                "sections": [
                    {
                        "name": "G19",
                        "visibility_rules": 
                        [
                            "setting_relics"
                        ],
                        "access_rules": 
                        [
                            "$G19ACCESS,aquatic"
                        ],
                        "item_count": 1
                    }
                ]
            }
        ]
    }
]