[
    {
        "name": "Witches Thicket",
        "chest_unopened_img": "images/items/chest_x.png",
        "chest_opened_img": "images/items/chest_o.png",
        "color": "#FFFFFF",
        "children": [
            {
                "name": "Stagnant Blight x10",
                "map_locations": [
                    {
                        "map": "WitchesThicket",
                        "x": 400,
                        "y": 400
                    }
                ],
                "sections":[
                    {
                        "name": "D1",
                        "visibility_rules": 
                        [
                            "setting_blight"
                        ],
                        "access_rules": 
                        [
                            "$D1ACCESS"
                        ],
                        "item_count": 1
                    }
                ]
            },
            {
                "name": "Rusted Blue Ornament",
                "map_locations": [
                    {
                        "map": "WitchesThicket",
                        "x": 1940,
                        "y": 180
                    }
                ],
                "sections": [
                    {
                        "name": "D2",
                        "visibility_rules": 
                        [
                            "setting_relics"
                        ],
                        "access_rules": 
                        [
                            "$D2ACCESS,verboten",
                            "$D2ACCESS,sinner,$LEDGE",
                            "$D2ACCESS,claws,$HORIZONTAL",
                            "$D2ACCESS,djump",
                            "$D2ACCESS,dodge2,silva",
                            "$D2ACCESS,anklet,plume,silva,$AIRSTALL",
                            "$D2ACCESS,anklet,dodge2,dash,$LEDGE",
                            "$D2ACCESS,silva,claws"
                        ],
                        "item_count": 1
                    }
                ]
            },
            {
                "name": "Stagnant Blight x10",
                "map_locations": [
                    {
                        "map": "WitchesThicket",
                        "x": 2030,
                        "y": 240
                    }
                ],
                "sections": [
                    {
                        "name": "D2",
                        "visibility_rules": 
                        [
                            "setting_blight"
                        ],
                        "access_rules": 
                        [
                            "$D2ACCESS,hammer,verboten",
                            "$D2ACCESS,hammer,djump",
                            "$D2ACCESS,hammer,sinner",
                            "$D2ACCESS,hammer,dodge2,silva",
                            "$D2ACCESS,hammer,anklet,plume,silva,$AIRSTALL",
                            "$D2ACCESS,hammer,dodge2,claws",
                            "$D2ACCESS,hammer,dodge2,dash,anklet",
                            "$D2ACCESS,hammer,claws,$HORIZONTAL"
                        ],
                        "item_count": 1
                    }
                ]
            },
            {
                "name": "Amulet Fragment (+5 HP)",
                "map_locations": [
                    {
                        "map": "WitchesThicket",
                        "x": 2380,
                        "y": 300
                    }
                ],
                "sections": [
                    {
                        "name": "D2 In Pot",
                        "visibility_rules": 
                        [
                            "setting_amulets"
                        ],
                        "access_rules": 
                        [
                            "$D2ACCESS"
                        ],
                        "item_count": 1
                    }
                ]
            },
            {
                "name": "Chain Of Sorcery (+1 Relic Slot)",
                "map_locations": [
                    {
                        "map": "WitchesThicket",
                        "x": 2290,
                        "y": 660
                    }
                ],
                "sections": [
                    {
                        "name": "D3",
                        "visibility_rules": 
                        [
                            "setting_chains"
                        ],
                        "access_rules": 
                        [
                            "$D3ACCESS,aquatic"
                        ],
                        "item_count": 1
                    }
                ]
            },
            {
                "name": "Amulet Fragment (+5 HP)",
                "map_locations": [
                    {
                        "map": "WitchesThicket",
                        "x": 1720,
                        "y": 660
                    }
                ],
                "sections": [
                    {
                        "name": "D3",
                        "visibility_rules": 
                        [
                            "setting_amulets"
                        ],
                        "access_rules": 
                        [
                            "$D3ACCESS,aquatic"
                        ],
                        "item_count": 1
                    }
                ]
            },
            {
                "name": "Finding - Coven Handbook",
                "map_locations": [
                    {
                        "map": "WitchesThicket",
                        "x": 2850,
                        "y": 675
                    }
                ],
                "sections": [
                    {
                        "name": "D4",
                        "item_count": 1,
                        "visibility_rules": 
                        [
                            "setting_findings"
                        ],
                        "access_rules":
                        [
                            "$D4ACCESS"
                        ]
                    }
                ]
            },
            {
                "name": "Amulet Fragment (+5 HP)",
                "map_locations": [
                    {
                        "map": "WitchesThicket",
                        "x": 3600,
                        "y": 780
                    }
                ],
                "sections": [
                    {
                        "name": "D5 (In Pot)",
                        "visibility_rules": 
                        [
                            "setting_amulets"
                        ],
                        "access_rules": 
                        [
                            "$D5ACCESS,djump",
                            "$D5ACCESS,hook",
                            "$D5ACCESS,$HORIZONTAL,julius",
							"$D5ACCESS,$HORIZONTAL,gerrod",
                            "$D5ACCESS,silva",
                            "$D5ACCESS,ulv,fretia"
                        ],
                        "item_count": 1
                    }
                ]
            },
            {
                "name": "Stagnant Blight x30",
                "map_locations": [
                    {
                        "map": "WitchesThicket",
                        "x": 4300,
                        "y": 700
                    }
                ],
                "sections": [
                    {
                        "name": "D5",
                        "visibility_rules": 
                        [
                            "setting_blight"
                        ],
                        "access_rules": 
                        [
                            "$D5ACCESS,$D13ACCESS5,claw,$LEDGE",
                            "$D5ACCESS,$D13ACCESS5,hook"
                        ],
                        "item_count": 1
                    }
                ]
            },
            {
                "name": "Stagnant Blight x10",
                "map_locations": [
                    {
                        "map": "WitchesThicket",
                        "x": 4050,
                        "y": 840
                    }
                ],
                "sections": [
                    {
                        "name": "D5",
                        "visibility_rules": 
                        [
                            "setting_blight"
                        ],
                        "access_rules": 
                        [
                            "$D5ACCESS",
                            "$D5ACCESS"
                        ],
                        "item_count": 1
                    }
                ]
            },
            {
                "name": "Furious Blight x10",
                "map_locations": [
                    {
                        "map": "WitchesThicket",
                        "x": 3520,
                        "y": 1550
                    }
                ],
                "sections": [
                    {
                        "name": "D6",
                        "visibility_rules": 
                        [
                            "setting_blight"
                        ],
                        "access_rules": 
                        [
                            "$D6ACCESS,$LEDGE",
                            "$D6ACCESS,$HORIZONTAL",
							"$D6ACCESS,dash"
                        ],
                        "item_count": 1
                    }
                ]
            },
            {
                "name": "Manisa's Ring",
                "map_locations": [
                    {
                        "map": "WitchesThicket",
                        "x": 3865,
                        "y": 1480
                    }
                ],
                "sections": [
                    {
                        "name": "D6",
                        "visibility_rules": 
                        [
                            "setting_relics"
                        ],
                        "access_rules": 
                        [
                            "$D6ACCESS,hook",
                            "$D6ACCESS,silva,verboten",
                            "$D6ACCESS,$HORIZONTAL",
                            "$D6ACCESS,silva,ulv",
                            "$D6ACCESS,djump",
                            "$D6ACCESS,plume,verboten",
                            "$D6ACCESS,anklet,verboten",
                            "$D6ACCESS,silva,$AIRSTALL,plume,anklet"
                        ],
                        "item_count": 1
                    }
                ]
            },
            {
                "name": "Cracked Familiar Stone",
                "map_locations": [
                    {
                        "map": "WitchesThicket",
                        "x": 4200,
                        "y": 1480
                    }
                ],
                "sections": [
                    {
                        "name": "D6",
                        "visibility_rules": 
                        [
                            "setting_relics"
                        ],
                        "access_rules": 
                        [
                            "$D6ACCESS,hook,$HORIZONTAL",
                            "$D6ACCESS,djump,$HORIZONTAL",
                            "$D6ACCESS,hook,$LEDGE",
                            "$D6ACCESS,dodge2,dash,claw",
                            "$D6ACCESS,djump,verboten,anklet",
                            "$D6ACCESS,verboten,plume",
                            "$D6ACCESS,djump,silva"
                        ],
                        "item_count": 1
                    }
                ]
            },
            {
                "name": "Finding - Sorcerer's Note",
                "map_locations": [
                    {
                        "map": "WitchesThicket",
                        "x": 4865,
                        "y": 1640
                    }
                ],
                "sections": [
                    {
                        "name": "D7",
                        "item_count": 1,
                        "visibility_rules": 
                        [
                            "setting_findings"
                        ],
                        "access_rules":
                        [
                            "$D7ACCESS"
                        ]
                    }
                ]
            },
            {
                "name": "Amulet Fragment (+5 HP)",
                "map_locations": [
                    {
                        "map": "WitchesThicket",
                        "x": 4965,
                        "y": 2360
                    }
                ],
                "sections": [
                    {
                        "name": "D8",
                        "visibility_rules": 
                        [
                            "setting_amulets"
                        ],
                        "access_rules": 
                        [
                            "$D8ACCESS7",
                            "$D8ACCESS11"
                        ],
                        "item_count": 1
                    }
                ]
            },
            {
                "name": "Floral Sorceress Fight",
                "map_locations": [
                    {
                        "map": "WitchesThicket",
                        "x": 5055,
                        "y": 2590
                    }
                ],
                "sections": [
                    {
                        "name": "D8",
                        "visibility_rules": 
                        [
                            "setting_spirits"
                        ],
                        "access_rules": 
                        [
                            "$D8ACCESS7",
                            "$D8ACCESS11"
                        ],
                        "item_count": 1
                    }
                ]
            },
            {
                "name": "Chain Of Sorcery (+1 Relic Slot)",
                "map_locations": [
                    {
                        "map": "WitchesThicket",
                        "x": 5500,
                        "y": 2460
                    }
                ],
                "sections": [
                    {
                        "name": "D8 In Pot",
                        "visibility_rules": 
                        [
                            "setting_chains"
                        ],
                        "access_rules": 
                        [
                            "$D8ACCESS7",
                            "$D8ACCESS11"
                        ],
                        "item_count": 1
                    }
                ]
            },
            {
                "name": "Ruined Witch's Book",
                "map_locations": [
                    {
                        "map": "WitchesThicket",
                        "x": 5360,
                        "y": 2640
                    }
                ],
                "sections": [
                    {
                        "name": "D8",
                        "visibility_rules": 
                        [
                            "setting_relics"
                        ],
                        "access_rules": 
                        [
                            "$D8ACCESS7,$HORIZONTAL,aquatic",
                            "$D8ACCESS7,$LEDGE",
                            "$D8ACCESS11,$HORIZONTAL,aquatic",
                            "$D8ACCESS11,djump,aquatic",
                            "$D8ACCESS11,$LEDGE",
                            "$D8ACCESS7,aquatic,dash",
                            "$D8ACCESS11,dash,aquatic"
                        ],
                        "item_count": 1
                    }
                ]
            },
            {
                "name": "Stagnant Blight x10",
                "map_locations": [
                    {
                        "map": "WitchesThicket",
                        "x": 5470,
                        "y": 2790
                    }
                ],
                "sections": [
                    {
                        "name": "D8",
                        "visibility_rules": 
                        [
                            "setting_blight"
                        ],
                        "access_rules": 
                        [
                            "$D8ACCESS7,aquatic",
                            "$D8ACCESS11,aquatic"
                        ],
                        "item_count": 1
                    }
                ]
            },
            {
                "name": "Stagnant Blight x30",
                "map_locations": [
                    {
                        "map": "WitchesThicket",
                        "x": 5790,
                        "y": 2510
                    }
                ],
                "sections": [
                    {
                        "name": "D8",
                        "visibility_rules": 
                        [
                            "setting_blight"
                        ],
                        "access_rules": 
                        [
                            "$D8ACCESS7,,hook,aquatic",
                            "$D8ACCESS7,$LEDGE,$HORIZONTAL2,aquatic",
                            "$D8ACCESS11,hook,aquatic",
                            "$D8ACCESS7,claws,aquatic",
                            "$D8ACCESS11,claws,aquatic",
                            "$D8ACCESS11,$LEDGE,$HORIZONTAL2,aquatic",
                            "$D8ACCESS7,$FULLSILVA,ulv,$HORIZONTAL,aquatic"
                        ],
                        "item_count": 1
                    }
                ]
            },
            {
                "name": "Stagnant Blight x10",
                "map_locations": [
                    {
                        "map": "WitchesThicket",
                        "x": 6540,
                        "y": 1630
                    }
                ],
                "sections": [
                    {
                        "name": "D9",
                        "visibility_rules": 
                        [
                            "setting_blight"
                        ],
                        "access_rules": 
                        [
                            "$D9ACCESS,$LEDGE",
                            "$D9ACCESS,ulv,fretia",
                            "$D9ACCESS,ulv,$HORIZONTAL",
                            "$D9ACCESS,gerrod,$HORIZONTAL",
                            "$D9ACCESS,ult,umbral"
                        ],
                        "item_count": 1
                    }
                ]
            },
            {
                "name": "Amulet Fragment (+5 HP)",
                "map_locations": [
                    {
                        "map": "WitchesThicket",
                        "x": 6090,
                        "y": 1630
                    }
                ],
                "sections": [
                    {
                        "name": "D9 in Pot",
                        "visibility_rules": 
                        [
                            "setting_amulets"
                        ],
                        "access_rules": 
                        [
                            "$D9ACCESS,$LEDGE",
                            "$D9ACCESS,ulv,fretia"
                        ],
                        "item_count": 1
                    }
                ]
            },
            {
                "name": "Stagnant Blight x10",
                "map_locations": [
                    {
                        "map": "WitchesThicket",
                        "x": 6510,
                        "y": 2050
                    }
                ],
                "sections": [
                    {
                        "name": "D10",
                        "visibility_rules": 
                        [
                            "setting_blight"
                        ],
                        "access_rules": 
                        [
                            "$D11ACCESS8",
                            "$D11ACCESS10"
                        ],
                        "item_count": 1
                    }
                ]
            },
            {
                "name": "Finding - The Parish Way III",
                "map_locations": [
                    {
                        "map": "WitchesThicket",
                        "x": 6160,
                        "y": 2700
                    }
                ],
                "sections": [
                    {
                        "name": "D11",
                        "item_count": 1,
                        "visibility_rules": 
                        [
                            "setting_findings"
                        ],
                        "access_rules":
                        [
                            "$D11ACCESS10",
                            "$D11ACCESS8"
                        ]
                    }
                ]
            },
            {
                "name": "Dark Witch Eleine Fight",
                "map_locations": [
                    {
                        "map": "WitchesThicket",
                        "x": 6250,
                        "y": 3080
                    }
                ],
                "sections": [
                    {
                        "name": "D12",
                        "visibility_rules": 
                        [
                            "setting_spirits"
                        ],
                        "access_rules": 
                        [
                            "$D12ACCESS"
                        ],
                        "item_count": 1
                    }
                ]
            },
            {
                "name": "Stagnant Blight x10",
                "map_locations": [
                    {
                        "map": "WitchesThicket",
                        "x": 5530,
                        "y": 880
                    }
                ],
                "sections": [
                    {
                        "name": "D13",
                        "visibility_rules": 
                        [
                            "setting_blight"
                        ],
                        "access_rules": [
                            "$D13ACCESS5,aquatic"
                        ],
                        "item_count": 1
                    }
                ]
            },
            {
                "name": "Amulet Fragment (+5 HP)",
                "map_locations": [
                    {
                        "map": "WitchesThicket",
                        "x": 5480,
                        "y": 1000
                    }
                ],
                "sections": [
                    {
                        "name": "D13",
                        "visibility_rules": 
                        [
                            "setting_amulets"
                        ],
                        "access_rules":
                        [
                            "$D13ACCESS5,aquatic"
                        ],
                        "item_count": 1
                    }
                ]
            },
            {
                "name": "Priestess' Wish (Prayer Upgrade)",
                "map_locations": [
                    {
                        "map": "WitchesThicket",
                        "x": 3970,
                        "y": 2250
                    }
                ],
                "sections": [
                    {
                        "name": "D14",
                        "visibility_rules": 
                        [
                            "setting_wishes"
                        ],
                        "access_rules": 
                        [
                            "$D14ACCESS,aquatic,verboten",
                            "$D14ACCESS,aquatic,djump",
                            "$D14ACCESS,aquatic,claws,silva",
                            "$D14ACCESS,aquatic,silva,plume",
                            "$D14ACCESS,aquatic,silva,dodge2"
                        ],
                        "item_count": 1
                    }
                ]
            },
            {
                "name": "Finding - Tarnished Picture",
                "map_locations": [
                    {
                        "map": "WitchesThicket",
                        "x": 4390,
                        "y": 2210
                    }
                ],
                "sections": [
                    {
                        "name": "D14",
                        "item_count": 1,
                        "visibility_rules": 
                        [
                            "setting_findings"
                        ],
                        "access_rules":
                        [
                            "$D14ACCESS,aquatic,$LEDGE",
                            "$D14ACCESS,aquatic,claws"
                        ]
                    }
                ]
            },
            {
                "name": "Furious Blight x10",
                "map_locations": [
                    {
                        "map": "WitchesThicket",
                        "x": 4600,
                        "y": 2420
                    }
                ],
                "sections": [
                    {
                        "name": "D14",
                        "visibility_rules": 
                        [
                            "setting_blight"
                        ],
                        "access_rules": 
                        [
                            "$D14ACCESS,aquatic"
                        ],
                        "item_count": 1
                    }
                ]
            },
            {
                "name": "Furious Blight x30",
                "map_locations": [
                    {
                        "map": "WitchesThicket",
                        "x": 3050,
                        "y": 2720
                    }
                ],
                "sections": [
                    {
                        "name": "D15",
                        "visibility_rules": 
                        [
                            "setting_blight"
                        ],
                        "access_rules": 
                        [
                            "$D15ACCESS,hook",
                            "$D15ACCESS,claws"
                        ],
                        "item_count": 1
                    }
                ]
            },
            {
                "name": "Furious Blight x10",
                "map_locations": [
                    {
                        "map": "WitchesThicket",
                        "x": 3120,
                        "y": 2950
                    }
                ],
                "sections": [
                    {
                        "name": "D15",
                        "visibility_rules": 
                        [
                            "setting_blight"
                        ],
                        "access_rules": 
                        [
                            "$D15ACCESS"
                        ],
                        "item_count": 1
                    }
                ]
            },
            {
                "name": "Finding - Faden's Archives III",
                "map_locations": [
                    {
                        "map": "WitchesThicket",
                        "x": 4970,
                        "y": 3070
                    },
                    {
                        "map": "VerbotenDomain",
                        "x": 2445,
                        "y": 120
                    }
                ],
                "sections": [
                    {
                        "name": "D16",
                        "item_count": 1,
                        "visibility_rules": 
                        [
                            "setting_findings"
                        ],
                        "access_rules":
                        [
                            "$D16ACCESS",
                            "$F26ACCESS,hammer,hook,dash,lance,mask",
                            "$F26ACCESS,hammer,hook,dash,lance,$verbotenMath,$LEDGE"
                        ]
                    }
                ]
            },
            {
                "name": "Finding - Eleine's Diary I",
                "map_locations": [
                    {
                        "map": "WitchesThicket",
                        "x": 6790,
                        "y": 1560
                    }
                ],
                "sections": [
                    {
                        "name": "D17",
                        "item_count": 1,
                        "visibility_rules": 
                        [
                            "setting_findings"
                        ],
                        "access_rules":
                        [
                            "$D17ACCESS"
                        ]
                    }
                ]
            },
            {
                "name": "Amulet Gem (+20 HP)",
                "map_locations": [
                    {
                        "map": "WitchesThicket",
                        "x": 6890,
                        "y": 1500
                    }
                ],
                "sections": [
                    {
                        "name": "D17",
                        "visibility_rules": 
                        [
                            "setting_amulets"
                        ],
                        "access_rules": 
                        [
                            "$D17ACCESS,claws",
                            "$D17ACCESS,$LEDGE"
                        ],
                        "item_count": 1
                    }
                ]
            },
            {
                "name": "Spellbound Anklet",
                "map_locations": [
                    {
                        "map": "WitchesThicket",
                        "x": 6820,
                        "y": 1500
                    }
                ],
                "sections": [
                    {
                        "name": "D17",
                        "visibility_rules": 
                        [
                            "setting_relics"
                        ],
                        "access_rules": 
                        [
                            "$D17ACCESS,claws",
                            "$D17ACCESS,$LEDGE"
                        ],
                        "item_count": 1
                    }
                ]
            },
            {
                "name": "Finding - Eleine's Diary II",
                "map_locations": [
                    {
                        "map": "WitchesThicket",
                        "x": 6845,
                        "y": 1440
                    }
                ],
                "sections": [
                    {
                        "name": "D17",
                        "item_count": 1,
                        "visibility_rules": 
                        [
                            "setting_findings"
                        ],
                        "access_rules":
                        [
                            "$D17ACCESS,hook,$LEDGE",
                            "$D17ACCESS,claws"
                        ]
                    }
                ]
            },
            {
                "name": "Fungal Sorcerer Fight",
                "map_locations": [
                    {
                        "map": "WitchesThicket",
                        "x": 3220,
                        "y": 240
                    }
                ],
                "sections": [
                    {
                        "name": "D18",
                        "visibility_rules": 
                        [
                            "setting_spirits"
                        ],
                        "access_rules":
                        [
                            "$D18ACCESS"
                            
                        ],
                        "item_count": 1
                    }
                ]
            },
            {
                "name": "Finding - Lover's Letter",
                "map_locations": [
                    {
                        "map": "WitchesThicket",
                        "x": 3340,
                        "y": 240
                    }
                ],
                "sections": [
                    {
                        "name": "D18",
                        "item_count": 1,
                        "visibility_rules": 
                        [
                            "setting_findings"
                        ],
                        "access_rules":
                        [
                            "$D18ACCESS"
                        ]
                    }
                ]
            },
            {
                "name": "Furious Blight x10",
                "map_locations": [
                    {
                        "map": "WitchesThicket",
                        "x": 3375,
                        "y": 400
                    }
                ],
                "sections": [
                    {
                        "name": "D18",
                        "visibility_rules": 
                        [
                            "setting_blight"
                        ],
                        "access_rules": 
                        [
                            "$D18ACCESS,hammer",
                            "$D18ACCESS,$LEDGE2",
                            "$D18ACCESS,hook"
                        ],
                        "item_count": 1
                    }
                ]
            },
            {
                "name": "Stagnant Blight x800",
                "map_locations": [
                    {
                        "map": "WitchesThicket",
                        "x": 6850,
                        "y": 2200
                    }
                ],
                "sections": [
                    {
                        "name": "D19",
                        "visibility_rules": 
                        [
                            "setting_blight"
                        ],
                        "access_rules": 
                        [
                            "$D19ACCESS"
                        ],
                        "item_count": 1
                    }
                ]
            },
            {
                "name": "Stone Tablet Fragment",
                "map_locations": [
                    {
                        "map": "WitchesThicket",
                        "x": 6920,
                        "y": 2200
                    }
                ],
                "sections": [
                    {
                        "name": "D19",
                        "visibility_rules": 
                        [
                            "setting_c_end"
                        ],
                        "access_rules": 
                        [
                            "$D19ACCESS"
                        ],
                        "item_count": 1
                    }
                ]
            }
            

        ]
    }
]