﻿{
  "tracker_broadcast": {
    "type": "array",
    "orientation": "vertical",
    "margin": "0,0",
    "content": [
      {
        "type": "itemgrid",
        "key": "lily_spirit_grid",
		"h_alignment": "left",
		"item_margin": "5,5",
		"item_size": "40,40",
		"rows": [
					["umbral","gerrod","silva","julius","ulv","eleine","hoenir"],
					["faden","siegrid","cliffyouth","headless","merchant","maiden","archer"],
					["elderkeeper","fungal","floral","sentinel","testsubject","executioner","sinner"],
					["","verboten","cliffelder","chief","royalaegis","fellwyrm",""],
					["prayerbeads", "royalcrest", "music", "familiar", "snowdrop", "appendage", "giant"],
					["dragonclaw", "ornament", "executionergloves", "crown", "weatherneck", "immortal",  "manisa"],
					["aura", "kilteus", "caliva", "statue", "doll", "earrings", "holywater"],
					["nymphilia", "spellbound", "plume", "witchbook", "ribbon", "blightblade", "heretic"],
					["eldred","ricorus", "luminantcurio", "heirloom", "phantom", "fretia","tablet"],
					["pray", "jump", "dodge", "paddle", "switch"],
					["djump", "hammer", "aquatic", "dodge2", "rites"],
					["hook", "claws", "dash", "lance", "unlock"],
					["ch1", "Bend", "gem", "fragment", "relicslot", "wish"],
					["iris", "hood", "orb", "heiml", "gift", "miriel", "groa"]
				]
        	}
    	]
	}
}
