﻿{
  "spirit_grid": {
    "type": "container",
    "content": [
      {
        "type": "itemgrid",
        "h_alignment": "center",
        "item_margin": "5,5,5,5",
        "rows": [
          ["umbral", "gerrod", "silva", "julius", "ulv", "eleine", "hoenir"],
          ["faden", "siegrid", "cliffyouth", "headless", "merchant", "maiden", "archer"],
          ["elderkeeper", "fungal", "floral", "sentinel", "testsubject", "executioner", "sinner"],
          ["", "verboten", "cliffelder", "chief", "royalaegis", "fellwyrm", ""]
        ]
      }
    ]
  },

  "relic_grid": {
    "type": "container",
    "content": [
      { 
        "type": "itemgrid",
        "h_alignment":"center",
        "item_margin": "5,5,5,5",
        "rows": [
          ["prayerbeads", "royalcrest", "music", "familiar", "snowdrop", "appendage", "giant"],
          ["dragonclaw", "ornament", "executionergloves", "crown", "weatherneck", "immortal", "manisa"],
          ["aura", "kilteus", "caliva", "statue", "doll", "earrings", "holywater"],
          ["nymphilia", "spellbound", "plume", "witchbook", "ribbon", "blightblade", "heretic"],
          ["eldred", "ricorus", "luminantcurio", "heirloom", "phantom", "fretia", "tablet"]
        ]
      }
    ]
  },

  "ability_grid": {
    "type": "container",
    "content": [
      {
        "type": "itemgrid",
        "h_alignment": "center",
        "item_margin":"5,5,5,5",
        "rows": [
          ["pray", "jump", "dodge", "paddle", "switch"],
          ["djump", "hammer", "aquatic", "dodge2", "rites"],
          ["hook", "claws", "dash", "lance", "unlock"],
          ["ch1", "Bend", "gem", "fragment", "relicslot", "wish"],
          [ "iris", "hood", "orb", "heiml", "gift", "miriel", "groa"]
        ] 
      }
    ]
  },

    "tracker_broadcast": {
      "type": "array",
      "drop_shadow": true,
      "orientation": "horizontal",
      "margin": "0,0",
      "content": [
        {
          "type": "layout",
          "key": "spirit_grid"
        },
        {
          "type": "layout",
          "key": "relic_grid" 
        },
        {
          "type": "layout",
          "key": "ability_grid"
        }
      ]
    }
}