﻿{
  "lily_spirit_grid": {
  "type": "itemgrid",
  "h_alignment": "center",
  "item_margin": "1,2",
  "item_size": "40,40",
  "rows": [
    ["umbral","gerrod","silva","julius","ulv","eleine","hoenir"],
    ["faden","siegrid","cliffyouth","headless","merchant","maiden","archer"],
    ["elderkeeper","fungal","floral","sentinel","testsubject","executioner","sinner"],
    ["","verboten","cliffelder","chief","royalaegis","fellwyrm",""]
  ]
},
"lily_relic_grid": {
  "type": "itemgrid",
  "h_alignment": "center",
  "item_margin": "1,2",
  "item_size": "40,40",
  "rows": [
    [ "prayerbeads", "royalcrest", "music", "familiar", "snowdrop", "appendage", "giant"],
    [ "dragonclaw", "ornament", "executionergloves", "crown", "weatherneck", "immortal",  "manisa"],
    [ "aura", "kilteus", "caliva", "statue", "doll", "earrings", "holywater"],
    [ "nymphilia", "spellbound", "plume", "witchbook", "ribbon", "blightblade", "heretic"],
    [ "eldred","ricorus", "luminantcurio", "heirloom", "phantom", "fretia","tablet"]
  ]
},
"lily_ability_grid": {
  "type": "itemgrid",
  "h_alignment": "center",
  "item_margin": "1,2",
  "item_size": "40,40",
  "rows": [
  [ "pray", "jump", "dodge", "paddle", "switch"],
    [ "djump", "hammer", "aquatic", "dodge2", "rites"],
    [ "hook", "claws", "dash", "lance", "unlock"],
    [ "ch1", "Bend", "gem", "fragment", "relicslot", "wish"],
    [ "iris", "hood", "orb", "heiml", "gift", "miriel", "groa"]
  ]
},
"tracker_horizontal": 
{
  "type": "container",
  "content": 
  {
    "type": "dock",
    "dropshadow": true,
    "content": 
    [
      {
        "type": "array",
        "dock": "bottom",
		    "orientation": "horizontal",
        "content": 
        [
          {
            "type": "group",
            "header": "Spirits",
            "content": 
            {
              "type": "array",
              "orientation": "vertical",
              "margin": "0,0",
              "content": 
              [
                {
                  "type": "layout",
                  "key": "lily_spirit_grid"
                }
              ]
            }
          },
          {
            "type": "group",
            "header": "Relics",
            "content":
            {
              "type": "array",
              "orientation": "vertical",
              "margin": "0,0",
              "content":
              [
                {
                  "type": "layout",
                  "key": "lily_relic_grid"
                }
              ]
            }
          },
          {
            "type": "group",
            "header": "Abilities",
            "content":
            {
              "type": "array",
              "orientation": "vertical",
              "margin": "0,0",
              "content":
              [
                {
                  "type": "layout",
                  "key": "lily_ability_grid"
                }
              ]
            }
          },
          {
            "type": "group",
            "header": "Pinned Locations",
            "content": 
            {
              "type": "recentpins",
              "style": "wrap",
              "h_alignment": "stretch",
              "v_alignment": "stretch",
              "orientation": "horizontal",
              "compact": true
            }
          }
        ]
      },
      {
        "type": "dock",
        "v_alignment": "stretch",
        "h_alignment": "stretch",
        "margin": "0, 0, 0, 0",
        "content": [
            {
                "type": "tabbed",
                "dock": "top",
                "tabs": [
              {
                "title": "World Map",
                "content": {
                  "type":"map",
                  "maps": ["WorldMap"]
                }
              },
              {
                "title": "Credits",
                "content": {
                  "type": "map",
                  "maps": ["Credits"]
                }
              } 
            ]
          }
        ]
      }
    ]
  }
},

"tracker_vertical":
{
  "type": "container",
  "content": 
  {
    "type": "dock",
    "dropshadow": true,
    "content": 
    [
      {
        "type": "dock",
        "dock": "left",
        "h_alignment": "stretch",
        "content": 
        [
          {
            "type": "array",
            "orientation": "vertical",
            "content": 
            [
              {
                "type": "group",
                "header": "Spirits",
                "content": 
                {
                  "type": "array",
                  "orientation": "horizontal",
                  "margin": "0,0",
                  "content": 
                  [
                    {
                      "type": "layout",
                      "key": "lily_spirit_grid"
                    }
                  ]
                }
              },
              {
                "type": "group",
                "header": "Relics",
                "content":
                {
                  "type": "array",
                  "orientation": "horizontal",
                  "margin": "0,0",
                  "content":
                  [
                    {
                      "type": "layout",
                      "key": "lily_relic_grid"
                    }
                  ]
                }
              },
              {
                "type": "group",
                "header": "Abilities",
                "content":
                {
                  "type": "array",
                  "orientation": "horizontal",
                  "margin": "0,0",
                  "content":
                  [
                    {
                      "type": "layout",
                      "key": "lily_ability_grid"
                    }
                  ]
                }
              },
              {
                "type": "group",
                "header": "Pinned Locations",
                "content": 
                {
                  "type": "recentpins",
                  "style": "wrap",
                  "h_alignment": "stretch",
                  "v_alignment": "stretch",
                  "orientation": "horizontal",
                  "compact": true
                }
              }
            ]
          }
        ]
      },
      {
        "type": "dock",
        "v_alignment": "stretch",
        "margin": "0, 0, 0, 0",
        "content": [
            {
                "type": "tabbed",
                "dock": "top",
                "tabs": [
                  {
                    "title": "World Map",
                    "content": {
                      "type": "map",
                      "maps": ["WorldMap"]
                    }
                  },
                  {
                    "title": "Credits",
                    "content": {
                      "type": "map",
                      "maps": ["Credits"]
                }
              }                   
            ]
          }
        ]
      } 
    ]
  }
}
}