[
  {
    "name": "Castle Town Maiden",
    "type": "consumable",
    "max_quantity": 6,
    "increment": 1,
    "loop": "false",
    "img": "images/spirits/castle_town_maiden.png",
    "codes": "maiden",
	"swap_actions": false
  },
  {
    "name": "Chief Guardian",
    "type": "consumable",
    "max_quantity": 6,
    "increment": 1,
    "loop": "false",
    "img": "images/spirits/chief_guardian.png",
    "codes": "chief",
	  "action_swap": false
  },
  {
    "name": "Cliffside Hamlet Elder",
    "type": "consumable",
    "max_quantity": 6,
    "increment": 1,
    "loop": "false",
    "img": "images/spirits/cliffside_hamlet_elder.png",
    "codes": "cliffelder",
	  "action_swap": false
  },
  {
    "name": "Cliffside Hamlet Youth",
    "type": "consumable",
    "max_quantity": 6,
    "increment": 1,
    "loop": "false",
    "img": "images/spirits/cliffside_hamlet_youth.png",
    "codes": "cliffyouth",
	  "action_swap": false
  },
  {
    "name": "Dark Executioner",
    "type": "consumable",
    "max_quantity": 6,
    "increment": 1,
    "loop": "false",
    "img": "images/spirits/dark_executioner.png",
    "codes": "executioner",
	  "action_swap": false
  },
  {
    "name": "Dark Witch Eleine",
    "type": "consumable",
    "max_quantity": 6,
    "increment": 1,
    "loop": "false",
    "img": "images/spirits/dark_witch_eleine.png",
    "codes": "eleine"
  },
  {
    "name": "Elder Crypt Keeper",
    "type": "consumable",
    "max_quantity": 6,
    "increment": 1,
    "loop": "false",
    "img": "images/spirits/elder_crypt_keeper.png",
    "codes": "elderkeeper"
  },
  {
    "name": "Faden, The Heretic",
    "type": "consumable",
    "max_quantity": 6,
    "increment": 1,
    "loop": "false",
    "img": "images/spirits/faden_the_heretic.png",
    "codes": "faden"
  },
  {
    "name": "Fallen Archer",
    "type": "consumable",
    "max_quantity": 6,
    "increment": 1,
    "loop": "false",
    "img": "images/spirits/fallen_archer.png",
    "codes": "archer"
  },
  {
    "name": "Fallen Sentinel",
    "type": "consumable",
    "max_quantity": 6,
    "increment": 1,
    "loop": "false",
    "img": "images/spirits/fallen_sentinel.png",
    "codes": "sentinel"
  },
  {
    "name": "Floral Sorceress",
    "type": "consumable",
    "max_quantity": 6,
    "increment": 1,
    "loop": "false",
    "img": "images/spirits/floral_sorceress.png",
    "codes": "floral"
  },
  {
    "name": "Forsaken Fellwyrm",
    "type": "consumable",
    "max_quantity": 6,
    "increment": 1,
    "loop": "false",
    "img": "images/spirits/forsaken_fellwyrm.png",
    "codes": "fellwyrm"
  },
  {
    "name": "Fungal Sorcerer",
    "type": "consumable",
    "max_quantity": 6,
    "increment": 1,
    "loop": "false",
    "img": "images/spirits/fungal_sorcerer.png",
    "codes": "fungal"
  },
  {
    "name": "Gerrod, The Elder Warrior ",
    "type": "consumable",
    "max_quantity": 6,
    "increment": 1,
    "loop": "false",
    "img": "images/spirits/gerrod.png",
    "codes": "gerrod"
  },
  {
    "name": "Guardian Siegrid",
    "type": "consumable",
    "max_quantity": 6,
    "increment": 1,
    "loop": "false",
    "img": "images/spirits/guardian_siegrid.png",
    "codes": "siegrid"
  },
  {
    "name": "Guardian Silva",
    "type": "consumable",
    "max_quantity": 6,
    "increment": 1,
    "loop": "false",
    "img": "images/spirits/guardian_silva.png",
    "codes": "silva"
  },
  {
    "name": "Headless Defender",
    "type": "consumable",
    "max_quantity": 6,
    "increment": 1,
    "loop": "false",
    "img": "images/spirits/headless_defender.png",
    "codes": "headless"
  },
  {
    "name": "Hidden Test Subject",
    "type": "consumable",
    "max_quantity": 6,
    "increment": 1,
    "loop": "false",
    "img": "images/spirits/hidden_test_subject.png",
    "codes": "testsubject"
  },
  {
    "name": "Hoenir, Keeper Of The Abyss",
    "type": "consumable",
    "max_quantity": 6,
    "increment": 1,
    "loop": "false",
    "img": "images/spirits/hoenir.png",
    "codes": "hoenir"
  },
  {
    "name": "Incompetent Sinner",
    "type": "consumable",
    "max_quantity": 6,
    "increment": 1,
    "img": "images/spirits/incompetent_sinner.png",
    "codes": "sinner"
  },
  {
    "name": "Knight Captain Julius ",
    "type": "consumable",
    "max_quantity": 6,
    "increment": 1,
    "loop": "false",
    "img": "images/spirits/julius.png",
    "codes": "julius"
  },
  {
    "name": "One-Eyed Royal Aegis",
    "type": "consumable",
    "max_quantity": 6,
    "increment": 1,
    "loop": "false",
    "img": "images/spirits/one-eyed_royal_aegis.png",
    "codes": "royalaegis"
  },
  {
    "name": "Ulv, The Mad Knight",
    "type": "consumable",
    "max_quantity": 6,
    "increment": 1,
    "loop": "false",
    "img": "images/spirits/ulv.png",
    "codes": "ulv"
  },
  {
    "name": "Umbral Knight",
	"type": "consumable",
  "max_quantity": 6,
  "increment": 1,
	"min_quantity": 1,
	"allow_disabled": false,
	"img": "images/spirits/umbral_knight.png",
    "codes": "umbral"
  },
  {
    "name": "Verboten Champion",
    "type": "consumable",
    "max_quantity": 6,
    "increment": 1,
    "loop": "false",
    "img": "images/spirits/verboten_champion.png",
    "codes": "verboten"
  },
  {"name": "Western Merchant",
    "type": "consumable",
    "max_quantity": 6,
    "increment": 1,
    "loop": "false",
    "img": "images/spirits/western_merchant.png",
    "codes": "merchant"
  }
]