﻿{
  "tracker_broadcast": {
      "type": "array",
      "drop_shadow": true,
      "orientation": "vertical",
      "item_size": "40,40",
      "content": [
        {
          "type": "itemgrid",
          "item_size": "40,40",
          "rows": [
            ["silva", "verboten", "ulv", "sinner", "mask"],
            ["djump", "hammer", "aquatic", "dodge2", "rites"],
            ["hook", "claws", "dash", "lance", "unlock"],
            ["ch1", "Bend", "plume", "fretia", "tablet"],
            ["gem", "fragment", "relicslot", "wish"]
          ]
        }
      ]
    }
}