{
    "minimal_grid": {
      "type": "itemgrid",
      "h_alignment": "center",
      "item_margin": "5,5,5,5",
      "item_size": "45,45",
      "rows": [
        ["silva", "verboten", "ulv", "sinner", "mask"],
        ["djump", "hammer", "aquatic", "dodge2", "rites"],
        ["hook", "claws", "dash", "lance", "unlock"],
        ["ch1", "Bend", "plume", "fretia", "tabletch"],
        ["gem", "fragment", "relicslot", "wish", "tabletwt"],
        ["tabletcc", "tabletsa", "tabletts", "tabletrc", "tabletvd"]
      ]
    },
      "tracker_default": {
      "type": "array",
      "margin": "1,1,1,1",
      "content": [
        {
          "type": "layout",
          "key": "minimal_grid"
      }
    ]
  }
}